contract_type,symbol,description,strike,expiration_date,mark,bid,bid_size,ask,ask_size,last,last_size,open_interest,total_volume,delta,gamma,theta,vega,rho,volatility,theoretical_volatility,theoretical_option_value,intrinsic_value,extrinsic_value,underlying_price
CALL,SPXW  260406C02600000,SPXW 04/06/2026 2600.00 C,2600.0,2026-04-06,3907.1,3897.9,1,3916.3,1,0.0,0,0,0,1.0,0.0,0.233,0.002,0.43,192.365,29.0,3904.764,3905.89,-3905.89,6505.89
CALL,SPXW  260406C02800000,SPXW 04/06/2026 2800.00 C,2800.0,2026-04-06,3707.0,3697.6,2,3716.4,1,0.0,0,2,0,1.0,0.0,0.233,0.002,0.463,177.275,29.0,3704.715,3705.89,-3705.89,6505.89
CALL,SPXW  260406C03000000,SPXW 04/06/2026 3000.00 C,3000.0,2026-04-06,3507.1,3497.7,2,3516.5,1,0.0,0,0,0,1.0,0.0,0.233,0.003,0.496,163.279,29.0,3504.716,3505.89,-3505.89,6505.89
CALL,SPXW  260406C03200000,SPXW 04/06/2026 3200.00 C,3200.0,2026-04-06,3308.15,3299.6,1,3316.7,1,0.0,0,0,0,1.0,0.0,0.232,0.003,0.53,150.258,29.0,3304.768,3305.89,-3305.89,6505.89
CALL,SPXW  260406C03400000,SPXW 04/06/2026 3400.00 C,3400.0,2026-04-06,3108.35,3099.9,1,3116.8,1,0.0,0,0,0,1.0,0.0,0.232,0.003,0.563,137.853,29.0,3104.769,3105.89,-3105.89,6505.89
CALL,SPXW  260406C03600000,SPXW 04/06/2026 3600.00 C,3600.0,2026-04-06,2907.5,2898.1,2,2916.9,1,0.0,0,0,0,1.0,0.0,0.232,0.003,0.596,126.15,29.0,2904.72,2905.89,-2905.89,6505.89
CALL,SPXW  260406C03800000,SPXW 04/06/2026 3800.00 C,3800.0,2026-04-06,2708.8,2700.5,1,2717.1,1,0.0,0,0,0,1.0,0.0,0.232,0.004,0.629,115.137,29.0,2704.771,2705.89,-2705.89,6505.89
CALL,SPXW  260406C04000000,SPXW 04/06/2026 4000.00 C,4000.0,2026-04-06,2508.85,2500.5,1,2517.2,1,2619.88,1,1,0,1.0,0.0,0.232,0.004,0.662,104.63,29.0,2504.772,2505.89,113.99,6505.89
CALL,SPXW  260406C04200000,SPXW 04/06/2026 4200.00 C,4200.0,2026-04-06,2307.9,2298.5,2,2317.3,1,0.0,0,0,0,1.0,0.0,0.232,0.004,0.695,94.594,29.0,2304.773,2305.89,-2305.89,6505.89
CALL,SPXW  260406C04400000,SPXW 04/06/2026 4400.00 C,4400.0,2026-04-06,2109.5,2100.6,1,2118.4,1,0.0,0,0,0,1.0,0.0,0.232,0.005,0.728,85.004,29.0,2104.724,2105.89,-2105.89,6505.89
CALL,SPXW  260406C04600000,SPXW 04/06/2026 4600.00 C,4600.0,2026-04-06,1909.6,1901.5,1,1917.7,1,0.0,0,0,0,1.0,0.0,0.232,0.005,0.761,75.87,29.0,1904.776,1905.89,-1905.89,6505.89
CALL,SPXW  260406C04800000,SPXW 04/06/2026 4800.00 C,4800.0,2026-04-06,1709.15,1700.9,1,1717.4,1,1572.5,27,107,0,0.999,0.0,0.196,0.014,0.794,72.331,29.0,1704.827,1705.89,-133.39,6505.89
CALL,SPXW  260406C05000000,SPXW 04/06/2026 5000.00 C,5000.0,2026-04-06,1509.55,1501.1,1,1518.0,1,0.0,0,0,0,0.999,0.0,0.197,0.016,0.827,63.202,29.0,1504.828,1505.89,-1505.89,6505.89
CALL,SPXW  260406C05100000,SPXW 04/06/2026 5100.00 C,5100.0,2026-04-06,1409.5,1400.9,1,1418.1,1,0.0,0,0,0,0.999,0.0,0.18,0.021,0.843,60.096,29.0,1404.804,1405.89,-1405.89,6505.89
CALL,SPXW  260406C05200000,SPXW 04/06/2026 5200.00 C,5200.0,2026-04-06,1310.1,1302.0,1,1318.2,1,1617.36,1,1,0,0.999,0.0,0.148,0.031,0.86,57.518,29.0,1304.855,1305.89,311.47,6505.89
CALL,SPXW  260406C05300000,SPXW 04/06/2026 5300.00 C,5300.0,2026-04-06,1209.65,1201.4,1,1217.9,1,0.0,0,0,0,0.998,0.0,0.102,0.045,0.875,54.911,29.0,1204.98,1205.89,-1205.89,6505.89
CALL,SPXW  260406C05400000,SPXW 04/06/2026 5400.00 C,5400.0,2026-04-06,1110.15,1101.8,1,1118.5,1,0.0,0,0,0,0.997,0.0,0.045,0.064,0.891,52.075,29.0,1105.08,1105.89,-1105.89,6505.89
CALL,SPXW  260406C05475000,SPXW 04/06/2026 5475.00 C,5475.0,2026-04-06,1035.55,1027.5,1,1043.6,1,0.0,0,0,0,0.996,0.0,-0.01,0.083,0.903,49.871,29.0,1030.131,1030.89,-1030.89,6505.89
CALL,SPXW  260406C05500000,SPXW 04/06/2026 5500.00 C,5500.0,2026-04-06,1010.4,1002.1,1,1018.7,1,0.0,0,0,0,0.996,0.0,-0.023,0.088,0.907,48.965,29.0,1005.206,1005.89,-1005.89,6505.89
CALL,SPXW  260406C05525000,SPXW 04/06/2026 5525.00 C,5525.0,2026-04-06,985.15,976.6,1,993.7,1,0.0,0,0,0,0.996,0.0,-0.05,0.098,0.91,48.297,29.0,980.206,980.89,-980.89,6505.89
CALL,SPXW  260406C05550000,SPXW 04/06/2026 5550.00 C,5550.0,2026-04-06,960.05,951.9,1,968.2,1,0.0,0,0,0,0.995,0.0,-0.076,0.107,0.914,47.576,29.0,955.306,955.89,-955.89,6505.89
CALL,SPXW  260406C05575000,SPXW 04/06/2026 5575.00 C,5575.0,2026-04-06,934.35,924.9,2,943.8,1,0.0,0,0,0,0.995,0.0,-0.101,0.116,0.918,46.806,29.0,930.307,930.89,-930.89,6505.89
CALL,SPXW  260406C05600000,SPXW 04/06/2026 5600.00 C,5600.0,2026-04-06,910.6,902.3,1,918.9,1,0.0,0,0,0,0.995,0.0,-0.113,0.122,0.921,45.792,29.0,905.382,905.89,-905.89,6505.89
CALL,SPXW  260406C05625000,SPXW 04/06/2026 5625.00 C,5625.0,2026-04-06,884.5,875.0,2,894.0,1,0.0,0,0,0,0.994,0.0,-0.138,0.132,0.925,44.959,29.0,880.432,880.89,-880.89,6505.89
CALL,SPXW  260406C05650000,SPXW 04/06/2026 5650.00 C,5650.0,2026-04-06,861.05,853.0,1,869.1,1,0.0,0,0,0,0.994,0.0,-0.174,0.146,0.928,44.262,29.0,855.506,855.89,-855.89,6505.89
CALL,SPXW  260406C05675000,SPXW 04/06/2026 5675.00 C,5675.0,2026-04-06,836.1,828.1,1,844.1,1,0.0,0,0,0,0.993,0.0,-0.198,0.156,0.932,43.348,29.0,830.507,830.89,-830.89,6505.89
CALL,SPXW  260406C05700000,SPXW 04/06/2026 5700.00 C,5700.0,2026-04-06,810.85,802.5,1,819.2,1,0.0,0,0,0,0.993,0.0,-0.221,0.167,0.936,42.41,29.0,805.557,805.89,-805.89,6505.89
CALL,SPXW  260406C05725000,SPXW 04/06/2026 5725.00 C,5725.0,2026-04-06,785.9,777.5,1,794.3,1,0.0,0,0,0,0.992,0.0,-0.256,0.182,0.939,41.588,29.0,780.682,780.89,-780.89,6505.89
CALL,SPXW  260406C05750000,SPXW 04/06/2026 5750.00 C,5750.0,2026-04-06,761.0,752.6,1,769.4,1,0.0,0,0,0,0.991,0.0,-0.29,0.196,0.942,40.72,29.0,755.708,755.89,-755.89,6505.89
CALL,SPXW  260406C05775000,SPXW 04/06/2026 5775.00 C,5775.0,2026-04-06,735.0,725.5,2,744.5,1,0.0,0,0,0,0.99,0.0,-0.334,0.215,0.945,39.936,29.0,730.858,730.89,-730.89,6505.89
CALL,SPXW  260406C05800000,SPXW 04/06/2026 5800.00 C,5800.0,2026-04-06,711.35,703.1,1,719.6,1,0.0,0,0,0,0.989,0.0,-0.366,0.231,0.949,38.989,29.0,705.883,705.89,-705.89,6505.89
CALL,SPXW  260406C05825000,SPXW 04/06/2026 5825.00 C,5825.0,2026-04-06,686.45,678.2,1,694.7,1,675.76,1,0,1,0.988,0.0,-0.408,0.251,0.952,38.114,29.0,681.032,680.89,-5.13,6505.89
CALL,SPXW  260406C05840000,SPXW 04/06/2026 5840.00 C,5840.0,2026-04-06,671.75,662.9,1,680.6,1,0.0,0,0,0,0.988,0.0,-0.439,0.265,0.953,37.626,29.0,666.107,665.89,-665.89,6505.89
CALL,SPXW  260406C05850000,SPXW 04/06/2026 5850.00 C,5850.0,2026-04-06,661.6,653.4,1,669.8,1,0.0,0,0,0,0.987,0.0,-0.449,0.271,0.955,37.195,29.0,656.082,655.89,-655.89,6505.89
CALL,SPXW  260406C05860000,SPXW 04/06/2026 5860.00 C,5860.0,2026-04-06,651.05,643.0,1,659.1,1,0.0,0,0,0,0.987,0.0,-0.469,0.281,0.956,36.854,29.0,646.132,645.89,-645.89,6505.89
CALL,SPXW  260406C05870000,SPXW 04/06/2026 5870.00 C,5870.0,2026-04-06,641.9,633.9,1,649.9,1,0.0,0,0,0,0.986,0.0,-0.479,0.287,0.957,36.42,29.0,636.208,635.89,-635.89,6505.89
CALL,SPXW  260406C05875000,SPXW 04/06/2026 5875.00 C,5875.0,2026-04-06,636.55,628.2,1,644.9,1,0.0,0,0,0,0.986,0.0,-0.5,0.296,0.957,36.329,29.0,631.258,630.89,-630.89,6505.89
CALL,SPXW  260406C05880000,SPXW 04/06/2026 5880.00 C,5880.0,2026-04-06,631.9,623.8,1,640.0,1,0.0,0,0,0,0.986,0.0,-0.51,0.301,0.958,36.149,29.0,626.283,625.89,-625.89,6505.89
CALL,SPXW  260406C05890000,SPXW 04/06/2026 5890.00 C,5890.0,2026-04-06,621.6,613.2,1,630.0,1,0.0,0,0,0,0.985,0.0,-0.53,0.311,0.959,35.782,29.0,616.283,615.89,-615.89,6505.89
CALL,SPXW  260406C05900000,SPXW 04/06/2026 5900.00 C,5900.0,2026-04-06,611.95,603.9,1,620.0,1,535.63,1,1,0,0.985,0.0,-0.549,0.321,0.96,35.412,29.0,606.383,605.89,-70.26,6505.89
CALL,SPXW  260406C05910000,SPXW 04/06/2026 5910.00 C,5910.0,2026-04-06,601.7,593.3,1,610.1,1,0.0,0,0,0,0.984,0.0,-0.568,0.331,0.961,35.031,29.0,596.383,595.89,-595.89,6505.89
CALL,SPXW  260406C05920000,SPXW 04/06/2026 5920.00 C,5920.0,2026-04-06,591.75,583.3,1,600.2,1,0.0,0,0,0,0.983,0.0,-0.587,0.341,0.962,34.645,29.0,586.434,585.89,-585.89,6505.89
CALL,SPXW  260406C05925000,SPXW 04/06/2026 5925.00 C,5925.0,2026-04-06,587.0,578.8,1,595.2,1,456.8,1,1,0,0.983,0.0,-0.596,0.347,0.963,34.45,29.0,581.459,580.89,-124.09,6505.89
CALL,SPXW  260406C05930000,SPXW 04/06/2026 5930.00 C,5930.0,2026-04-06,582.25,574.2,1,590.3,1,0.0,0,0,0,0.983,0.0,-0.616,0.355,0.963,34.327,29.0,576.559,575.89,-575.89,6505.89
CALL,SPXW  260406C05940000,SPXW 04/06/2026 5940.00 C,5940.0,2026-04-06,571.9,563.5,1,580.3,1,0.0,0,0,0,0.982,0.0,-0.644,0.369,0.964,33.995,29.0,566.634,565.89,-565.89,6505.89
CALL,SPXW  260406C05950000,SPXW 04/06/2026 5950.00 C,5950.0,2026-04-06,562.2,554.0,1,570.4,1,0.0,0,0,0,0.981,0.0,-0.652,0.377,0.965,33.519,29.0,556.609,555.89,-555.89,6505.89
CALL,SPXW  260406C05960000,SPXW 04/06/2026 5960.00 C,5960.0,2026-04-06,552.4,544.3,1,560.5,1,0.0,0,0,0,0.981,0.0,-0.68,0.391,0.966,33.171,29.0,546.684,545.89,-545.89,6505.89
CALL,SPXW  260406C05970000,SPXW 04/06/2026 5970.00 C,5970.0,2026-04-06,540.85,531.6,2,550.1,1,0.0,0,0,0,0.98,0.0,-0.707,0.406,0.966,32.817,29.0,536.809,535.89,-535.89,6505.89
CALL,SPXW  260406C05975000,SPXW 04/06/2026 5975.00 C,5975.0,2026-04-06,537.55,529.5,1,545.6,1,0.0,0,0,0,0.979,0.0,-0.715,0.412,0.967,32.605,29.0,531.834,530.89,-530.89,6505.89
CALL,SPXW  260406C05980000,SPXW 04/06/2026 5980.00 C,5980.0,2026-04-06,532.65,523.8,1,541.5,1,0.0,0,0,0,0.979,0.0,-0.733,0.421,0.967,32.451,29.0,526.884,525.89,-525.89,6505.89
CALL,SPXW  260406C05985000,SPXW 04/06/2026 5985.00 C,5985.0,2026-04-06,527.3,518.9,2,535.7,1,0.0,0,0,0,0.978,0.0,-0.751,0.43,0.967,32.293,29.0,521.934,520.89,-520.89,6505.89
CALL,SPXW  260406C05990000,SPXW 04/06/2026 5990.00 C,5990.0,2026-04-06,522.7,514.7,1,530.7,1,0.0,0,0,0,0.978,0.0,-0.76,0.435,0.968,32.076,29.0,516.959,515.89,-515.89,6505.89
CALL,SPXW  260406C05995000,SPXW 04/06/2026 5995.00 C,5995.0,2026-04-06,517.7,509.7,1,525.7,1,0.0,0,0,0,0.978,0.0,-0.768,0.441,0.968,31.857,29.0,511.984,510.89,-510.89,6505.89
CALL,SPXW  260406C06000000,SPXW 04/06/2026 6000.00 C,6000.0,2026-04-06,513.15,504.6,1,521.7,1,0.0,0,0,0,0.977,0.0,-0.785,0.451,0.968,31.69,29.0,506.984,505.89,-505.89,6505.89
CALL,SPXW  260406C06005000,SPXW 04/06/2026 6005.00 C,6005.0,2026-04-06,506.95,498.1,1,515.8,1,0.0,0,0,0,0.977,0.0,-0.803,0.46,0.969,31.522,29.0,502.034,500.89,-500.89,6505.89
CALL,SPXW  260406C06010000,SPXW 04/06/2026 6010.00 C,6010.0,2026-04-06,503.25,494.7,1,511.8,1,397.46,1,1,0,0.976,0.0,-0.82,0.469,0.969,31.352,29.0,497.084,495.89,-98.43,6505.89
CALL,SPXW  260406C06015000,SPXW 04/06/2026 6015.00 C,6015.0,2026-04-06,497.35,489.2,1,505.5,1,0.0,0,0,0,0.975,0.0,-0.837,0.478,0.969,31.178,29.0,492.134,490.89,-490.89,6505.89
CALL,SPXW  260406C06020000,SPXW 04/06/2026 6020.00 C,6020.0,2026-04-06,492.35,484.1,1,500.6,1,0.0,0,0,0,0.975,0.0,-0.854,0.488,0.969,31.005,29.0,487.234,485.89,-485.89,6505.89
CALL,SPXW  260406C06025000,SPXW 04/06/2026 6025.00 C,6025.0,2026-04-06,488.0,480.0,1,496.0,1,477.24,1,0,1,0.974,0.0,-0.871,0.497,0.969,30.826,29.0,482.284,480.89,-3.65,6505.89
CALL,SPXW  260406C06030000,SPXW 04/06/2026 6030.00 C,6030.0,2026-04-06,482.45,474.2,1,490.7,1,0.0,0,0,0,0.974,0.0,-0.887,0.507,0.97,30.644,29.0,477.334,475.89,-475.89,6505.89
CALL,SPXW  260406C06035000,SPXW 04/06/2026 6035.00 C,6035.0,2026-04-06,477.8,469.4,1,486.2,1,0.0,0,0,0,0.973,0.0,-0.904,0.516,0.97,30.46,29.0,472.384,470.89,-470.89,6505.89
CALL,SPXW  260406C06040000,SPXW 04/06/2026 6040.00 C,6040.0,2026-04-06,472.9,464.6,1,481.2,1,0.0,0,0,0,0.973,0.0,-0.92,0.526,0.97,30.273,29.0,467.434,465.89,-465.89,6505.89
CALL,SPXW  260406C06045000,SPXW 04/06/2026 6045.00 C,6045.0,2026-04-06,467.7,459.5,1,475.9,1,0.0,0,0,0,0.972,0.0,-0.936,0.535,0.97,30.081,29.0,462.434,460.89,-460.89,6505.89
CALL,SPXW  260406C06050000,SPXW 04/06/2026 6050.00 C,6050.0,2026-04-06,461.85,452.4,4,471.3,1,339.2,3,3,0,0.971,0.0,-0.969,0.551,0.97,29.98,29.0,457.534,455.89,-116.69,6505.89
CALL,SPXW  260406C06055000,SPXW 04/06/2026 6055.00 C,6055.0,2026-04-06,458.0,449.6,1,466.4,1,0.0,0,0,0,0.97,0.0,-0.985,0.561,0.97,29.784,29.0,452.584,450.89,-450.89,6505.89
CALL,SPXW  260406C06060000,SPXW 04/06/2026 6060.00 C,6060.0,2026-04-06,452.3,443.5,1,461.1,1,0.0,0,0,0,0.97,0.0,-1.0,0.571,0.97,29.585,29.0,447.634,445.89,-445.89,6505.89
CALL,SPXW  260406C06065000,SPXW 04/06/2026 6065.00 C,6065.0,2026-04-06,448.6,440.6,1,456.6,1,0.0,0,0,0,0.969,0.0,-1.033,0.587,0.97,29.473,29.0,442.784,440.89,-440.89,6505.89
CALL,SPXW  260406C06070000,SPXW 04/06/2026 6070.00 C,6070.0,2026-04-06,443.4,435.2,1,451.6,1,0.0,0,0,0,0.968,0.0,-1.057,0.599,0.97,29.31,29.0,437.859,435.89,-435.89,6505.89
CALL,SPXW  260406C06075000,SPXW 04/06/2026 6075.00 C,6075.0,2026-04-06,438.5,430.3,1,446.7,1,328.95,2,2,0,0.967,0.0,-1.089,0.615,0.97,29.185,29.0,432.96,430.89,-101.94,6505.89
CALL,SPXW  260406C06080000,SPXW 04/06/2026 6080.00 C,6080.0,2026-04-06,432.65,424.2,1,441.1,1,0.0,0,0,0,0.967,0.0,-1.086,0.62,0.97,28.894,29.0,427.96,425.89,-425.89,6505.89
CALL,SPXW  260406C06085000,SPXW 04/06/2026 6085.00 C,6085.0,2026-04-06,428.6,420.9,1,436.3,1,0.0,0,0,0,0.965,0.0,-1.117,0.636,0.97,28.761,29.0,423.06,420.89,-420.89,6505.89
CALL,SPXW  260406C06090000,SPXW 04/06/2026 6090.00 C,6090.0,2026-04-06,423.8,416.0,1,431.6,1,0.0,0,0,0,0.964,0.0,-1.148,0.652,0.969,28.621,29.0,418.11,415.89,-415.89,6505.89
CALL,SPXW  260406C06095000,SPXW 04/06/2026 6095.00 C,6095.0,2026-04-06,418.9,411.1,1,426.7,1,0.0,0,0,0,0.963,0.0,-1.178,0.668,0.969,28.478,29.0,413.21,410.89,-410.89,6505.89
CALL,SPXW  260406C06100000,SPXW 04/06/2026 6100.00 C,6100.0,2026-04-06,414.05,406.0,1,422.1,1,385.17,2,4,3,0.962,0.0,-1.208,0.684,0.969,28.333,29.0,408.36,405.89,-20.72,6505.89
CALL,SPXW  260406C06105000,SPXW 04/06/2026 6105.00 C,6105.0,2026-04-06,408.9,400.5,1,417.3,1,0.0,0,0,0,0.961,0.0,-1.238,0.7,0.968,28.18,29.0,403.46,400.89,-400.89,6505.89
CALL,SPXW  260406C06110000,SPXW 04/06/2026 6110.00 C,6110.0,2026-04-06,403.6,395.2,1,412.0,1,296.78,1,1,0,0.96,0.0,-1.267,0.716,0.968,28.02,29.0,398.51,395.89,-99.11,6505.89
CALL,SPXW  260406C06115000,SPXW 04/06/2026 6115.00 C,6115.0,2026-04-06,398.1,388.7,1,407.5,1,0.0,0,0,0,0.959,0.0,-1.296,0.733,0.968,27.858,29.0,393.61,390.89,-390.89,6505.89
CALL,SPXW  260406C06120000,SPXW 04/06/2026 6120.00 C,6120.0,2026-04-06,394.0,385.4,1,402.6,1,295.66,1,1,0,0.958,0.0,-1.324,0.749,0.967,27.692,29.0,388.71,385.89,-90.23,6505.89
CALL,SPXW  260406C06125000,SPXW 04/06/2026 6125.00 C,6125.0,2026-04-06,389.8,381.9,1,397.7,1,285.55,1,2,0,0.956,0.0,-1.383,0.776,0.966,27.652,29.0,383.91,380.89,-95.34,6505.89
CALL,SPXW  260406C06130000,SPXW 04/06/2026 6130.00 C,6130.0,2026-04-06,384.15,375.9,1,392.4,1,281.15,1,1,0,0.955,0.0,-1.41,0.792,0.966,27.477,29.0,379.06,375.89,-94.74,6505.89
CALL,SPXW  260406C06135000,SPXW 04/06/2026 6135.00 C,6135.0,2026-04-06,380.0,372.0,1,388.0,1,0.0,0,0,0,0.954,0.0,-1.437,0.809,0.965,27.296,29.0,374.16,370.89,-370.89,6505.89
CALL,SPXW  260406C06140000,SPXW 04/06/2026 6140.00 C,6140.0,2026-04-06,373.45,364.3,1,382.6,1,0.0,0,0,0,0.952,0.0,-1.493,0.835,0.964,27.232,29.0,369.36,365.89,-365.89,6505.89
CALL,SPXW  260406C06145000,SPXW 04/06/2026 6145.00 C,6145.0,2026-04-06,368.55,359.4,2,377.7,1,0.0,0,0,0,0.951,0.0,-1.519,0.852,0.963,27.041,29.0,364.46,360.89,-360.89,6505.89
CALL,SPXW  260406C06150000,SPXW 04/06/2026 6150.00 C,6150.0,2026-04-06,364.0,354.5,2,373.5,1,308.86,1,28,1,0.949,0.0,-1.559,0.874,0.963,26.901,29.0,359.56,355.89,-47.03,6505.89
CALL,SPXW  260406C06155000,SPXW 04/06/2026 6155.00 C,6155.0,2026-04-06,359.5,350.9,2,368.1,1,0.0,0,0,0,0.947,0.0,-1.598,0.895,0.962,26.758,29.0,354.71,350.89,-350.89,6505.89
CALL,SPXW  260406C06160000,SPXW 04/06/2026 6160.00 C,6160.0,2026-04-06,354.35,344.9,2,363.8,1,0.0,0,0,0,0.945,0.0,-1.651,0.922,0.96,26.663,29.0,349.91,345.89,-345.89,6505.89
CALL,SPXW  260406C06165000,SPXW 04/06/2026 6165.00 C,6165.0,2026-04-06,349.5,340.0,2,359.0,1,0.0,0,0,0,0.944,0.001,-1.688,0.943,0.959,26.508,29.0,345.06,340.89,-340.89,6505.89
CALL,SPXW  260406C06170000,SPXW 04/06/2026 6170.00 C,6170.0,2026-04-06,344.7,335.2,1,354.2,1,191.34,3,0,0,0.942,0.001,-1.725,0.965,0.958,26.35,29.0,340.26,335.89,-144.55,6505.89
CALL,SPXW  260406C06175000,SPXW 04/06/2026 6175.00 C,6175.0,2026-04-06,339.6,330.4,1,348.8,1,0.0,0,0,0,0.94,0.001,-1.775,0.992,0.957,26.234,29.0,335.46,330.89,-330.89,6505.89
CALL,SPXW  260406C06180000,SPXW 04/06/2026 6180.00 C,6180.0,2026-04-06,334.8,325.6,2,344.0,1,292.33,3,3,0,0.938,0.001,-1.824,1.018,0.956,26.111,29.0,330.66,325.89,-33.56,6505.89
CALL,SPXW  260406C06185000,SPXW 04/06/2026 6185.00 C,6185.0,2026-04-06,330.0,320.8,1,339.2,1,0.0,0,0,0,0.936,0.001,-1.886,1.048,0.954,26.028,29.0,325.91,320.89,-320.89,6505.89
CALL,SPXW  260406C06190000,SPXW 04/06/2026 6190.00 C,6190.0,2026-04-06,325.8,316.6,1,335.0,1,0.0,0,0,0,0.934,0.001,-1.933,1.075,0.952,25.89,29.0,321.11,315.89,-315.89,6505.89
CALL,SPXW  260406C06195000,SPXW 04/06/2026 6195.00 C,6195.0,2026-04-06,321.05,311.9,1,330.2,1,0.0,0,0,0,0.931,0.001,-1.992,1.105,0.951,25.79,29.0,316.36,310.89,-310.89,6505.89
CALL,SPXW  260406C06200000,SPXW 04/06/2026 6200.00 C,6200.0,2026-04-06,316.65,308.2,1,325.1,1,291.02,4,14,6,0.929,0.001,-2.036,1.131,0.949,25.638,29.0,311.56,305.89,-14.87,6505.89
CALL,SPXW  260406C06205000,SPXW 04/06/2026 6205.00 C,6205.0,2026-04-06,311.25,302.2,1,320.3,1,231.37,1,1,1,0.926,0.001,-2.105,1.166,0.947,25.565,29.0,306.86,300.89,-69.52,6505.89
CALL,SPXW  260406C06210000,SPXW 04/06/2026 6210.00 C,6210.0,2026-04-06,307.4,299.4,1,315.4,1,253.44,1,1,1,0.924,0.001,-2.16,1.196,0.945,25.441,29.0,302.11,295.89,-42.45,6505.89
CALL,SPXW  260406C06215000,SPXW 04/06/2026 6215.00 C,6215.0,2026-04-06,302.7,294.9,1,310.5,1,0.0,0,0,0,0.921,0.001,-2.213,1.226,0.943,25.306,29.0,297.31,290.89,-290.89,6505.89
CALL,SPXW  260406C06220000,SPXW 04/06/2026 6220.00 C,6220.0,2026-04-06,298.7,290.2,1,307.2,2,260.0,3,3,0,0.918,0.001,-2.278,1.259,0.941,25.206,29.0,292.61,285.89,-25.89,6505.89
CALL,SPXW  260406C06225000,SPXW 04/06/2026 6225.00 C,6225.0,2026-04-06,293.25,283.8,1,302.7,1,162.53,2,2,0,0.916,0.001,-2.34,1.293,0.938,25.097,29.0,287.91,280.89,-118.36,6505.89
CALL,SPXW  260406C06230000,SPXW 04/06/2026 6230.00 C,6230.0,2026-04-06,288.3,278.6,2,298.0,1,239.35,1,15,2,0.913,0.001,-2.401,1.326,0.936,24.979,29.0,283.21,275.89,-36.54,6505.89
CALL,SPXW  260406C06235000,SPXW 04/06/2026 6235.00 C,6235.0,2026-04-06,284.2,275.0,2,293.4,1,169.36,98,98,0,0.91,0.001,-2.46,1.36,0.934,24.853,29.0,278.51,270.89,-101.53,6505.89
CALL,SPXW  260406C06240000,SPXW 04/06/2026 6240.00 C,6240.0,2026-04-06,279.55,270.4,1,288.7,1,203.94,1,11,1,0.906,0.001,-2.541,1.4,0.931,24.794,29.0,273.96,265.89,-61.95,6505.89
CALL,SPXW  260406C06245000,SPXW 04/06/2026 6245.00 C,6245.0,2026-04-06,274.3,265.4,1,283.2,1,199.97,1,4,1,0.903,0.001,-2.596,1.433,0.928,24.651,29.0,269.26,260.89,-60.92,6505.89
CALL,SPXW  260406C06250000,SPXW 04/06/2026 6250.00 C,6250.0,2026-04-06,269.9,260.7,2,279.1,1,266.48,1,35,1,0.899,0.001,-2.672,1.472,0.925,24.568,29.0,264.66,255.89,10.59,6505.89
CALL,SPXW  260406C06255000,SPXW 04/06/2026 6255.00 C,6255.0,2026-04-06,265.5,256.2,1,274.8,1,176.91,2,2,0,0.896,0.001,-2.746,1.511,0.922,24.474,29.0,260.061,250.89,-73.98,6505.89
CALL,SPXW  260406C06260000,SPXW 04/06/2026 6260.00 C,6260.0,2026-04-06,260.45,251.7,1,269.2,27,261.38,4,8,5,0.892,0.001,-2.817,1.55,0.918,24.367,29.0,255.411,245.89,15.49,6505.89
CALL,SPXW  260406C06265000,SPXW 04/06/2026 6265.00 C,6265.0,2026-04-06,256.55,247.4,1,265.7,1,189.79,1,11,1,0.888,0.001,-2.885,1.588,0.915,24.254,29.0,250.811,240.89,-51.1,6505.89
CALL,SPXW  260406C06270000,SPXW 04/06/2026 6270.00 C,6270.0,2026-04-06,253.2,246.4,26,260.0,27,260.38,3,3,3,0.884,0.001,-2.962,1.63,0.912,24.162,29.0,246.261,235.89,24.49,6505.89
CALL,SPXW  260406C06275000,SPXW 04/06/2026 6275.00 C,6275.0,2026-04-06,246.35,237.3,1,255.4,27,256.99,2,6,4,0.88,0.001,-3.036,1.67,0.908,24.06,29.0,241.711,230.89,26.1,6505.89
CALL,SPXW  260406C06280000,SPXW 04/06/2026 6280.00 C,6280.0,2026-04-06,243.2,234.3,1,252.1,1,182.6,1,75,6,0.876,0.001,-3.108,1.71,0.904,23.951,29.0,237.211,225.89,-43.29,6505.89
CALL,SPXW  260406C06285000,SPXW 04/06/2026 6285.00 C,6285.0,2026-04-06,237.35,227.2,3,247.5,1,121.7,6,17,0,0.872,0.001,-3.187,1.753,0.9,23.857,29.0,232.711,220.89,-99.19,6505.89
CALL,SPXW  260406C06290000,SPXW 04/06/2026 6290.00 C,6290.0,2026-04-06,232.9,222.7,3,243.1,1,181.7,1,12,5,0.867,0.001,-3.272,1.798,0.896,23.781,29.0,228.261,215.89,-34.19,6505.89
CALL,SPXW  260406C06295000,SPXW 04/06/2026 6295.00 C,6295.0,2026-04-06,227.95,218.2,3,237.7,1,110.92,2,6,0,0.862,0.001,-3.353,1.842,0.891,23.693,29.0,223.811,210.89,-99.97,6505.89
CALL,SPXW  260406C06300000,SPXW 04/06/2026 6300.00 C,6300.0,2026-04-06,226.6,219.8,26,233.4,1,216.64,1,70,27,0.857,0.001,-3.432,1.886,0.887,23.594,29.0,219.361,205.89,10.75,6505.89
CALL,SPXW  260406C06305000,SPXW 04/06/2026 6305.00 C,6305.0,2026-04-06,219.85,211.3,1,228.4,1,212.19,1,3,1,0.852,0.001,-3.507,1.929,0.882,23.483,29.0,214.911,200.89,11.3,6505.89
CALL,SPXW  260406C06310000,SPXW 04/06/2026 6310.00 C,6310.0,2026-04-06,214.45,208.3,1,220.6,1,219.96,2,16,17,0.847,0.001,-3.596,1.976,0.877,23.414,29.0,210.561,195.89,24.07,6505.89
CALL,SPXW  260406C06315000,SPXW 04/06/2026 6315.00 C,6315.0,2026-04-06,209.65,202.8,1,216.5,1,160.56,3,8,4,0.842,0.001,-3.679,2.022,0.872,23.329,29.0,206.197,190.89,-30.33,6505.89
CALL,SPXW  260406C06320000,SPXW 04/06/2026 6320.00 C,6320.0,2026-04-06,206.05,200.2,3,211.9,1,210.6,1,58,67,0.836,0.001,-3.751,2.066,0.867,23.207,29.0,201.747,185.89,24.71,6505.89
CALL,SPXW  260406C06325000,SPXW 04/06/2026 6325.00 C,6325.0,2026-04-06,201.75,195.9,3,207.6,1,143.61,1,60,23,0.83,0.001,-3.839,2.113,0.862,23.128,29.0,197.461,180.89,-37.28,6505.89
CALL,SPXW  260406C06330000,SPXW 04/06/2026 6330.00 C,6330.0,2026-04-06,197.4,191.5,3,203.3,1,204.17,9,72,16,0.825,0.001,-3.919,2.159,0.856,23.032,29.0,193.148,175.89,28.28,6505.89
CALL,SPXW  260406C06335000,SPXW 04/06/2026 6335.00 C,6335.0,2026-04-06,193.25,187.3,3,199.2,1,128.3,1,33,1,0.819,0.001,-3.996,2.204,0.85,22.927,29.0,188.848,170.89,-42.59,6505.89
CALL,SPXW  260406C06340000,SPXW 04/06/2026 6340.00 C,6340.0,2026-04-06,188.75,183.0,3,194.5,1,192.07,1,144,8,0.812,0.001,-4.087,2.253,0.844,22.86,29.0,184.711,165.89,26.18,6505.89
CALL,SPXW  260406C06345000,SPXW 04/06/2026 6345.00 C,6345.0,2026-04-06,184.8,178.8,3,190.8,1,179.06,1,67,4,0.806,0.001,-4.168,2.3,0.838,22.772,29.0,180.494,160.89,18.17,6505.89
CALL,SPXW  260406C06350000,SPXW 04/06/2026 6350.00 C,6350.0,2026-04-06,179.75,179.0,2,180.5,2,178.41,2,116,112,0.799,0.001,-4.247,2.346,0.832,22.675,29.0,176.296,155.89,22.52,6505.89
CALL,SPXW  260406C06355000,SPXW 04/06/2026 6355.00 C,6355.0,2026-04-06,175.6,174.9,2,176.3,2,178.85,11,64,26,0.792,0.002,-4.336,2.394,0.825,22.607,29.0,172.197,150.89,27.96,6505.89
CALL,SPXW  260406C06360000,SPXW 04/06/2026 6360.00 C,6360.0,2026-04-06,171.5,170.7,2,172.3,1,178.0,1,80,43,0.785,0.002,-4.418,2.441,0.818,22.525,29.0,168.097,145.89,32.11,6505.89
CALL,SPXW  260406C06365000,SPXW 04/06/2026 6365.00 C,6365.0,2026-04-06,167.4,166.7,2,168.1,2,170.41,1,49,12,0.778,0.002,-4.496,2.488,0.811,22.431,29.0,163.998,140.89,29.52,6505.89
CALL,SPXW  260406C06370000,SPXW 04/06/2026 6370.00 C,6370.0,2026-04-06,163.25,162.5,2,164.0,1,165.92,1,56,27,0.771,0.002,-4.568,2.533,0.804,22.319,29.0,159.849,135.89,30.03,6505.89
CALL,SPXW  260406C06375000,SPXW 04/06/2026 6375.00 C,6375.0,2026-04-06,157.0,154.0,2,160.0,1,154.96,4,75,29,0.764,0.002,-4.634,2.577,0.797,22.2,29.0,155.749,130.89,24.07,6505.89
CALL,SPXW  260406C06380000,SPXW 04/06/2026 6380.00 C,6380.0,2026-04-06,153.0,150.0,2,156.0,1,157.82,11,129,27,0.756,0.002,-4.715,2.623,0.789,22.125,29.0,151.8,125.89,31.93,6505.89
CALL,SPXW  260406C06385000,SPXW 04/06/2026 6385.00 C,6385.0,2026-04-06,152.0,146.0,3,158.0,1,149.1,1,149,40,0.748,0.002,-4.789,2.669,0.781,22.037,29.0,147.85,120.89,28.21,6505.89
CALL,SPXW  260406C06390000,SPXW 04/06/2026 6390.00 C,6390.0,2026-04-06,147.45,146.8,2,148.1,2,153.51,4,119,63,0.74,0.002,-4.864,2.713,0.773,21.958,29.0,144.001,115.89,37.62,6505.89
CALL,SPXW  260406C06395000,SPXW 04/06/2026 6395.00 C,6395.0,2026-04-06,144.4,138.1,3,150.7,1,148.65,1,88,19,0.732,0.002,-4.931,2.756,0.765,21.861,29.0,140.101,110.89,37.76,6505.89
CALL,SPXW  260406C06400000,SPXW 04/06/2026 6400.00 C,6400.0,2026-04-06,139.65,139.0,6,140.3,7,142.71,1,1097,280,0.723,0.002,-4.998,2.799,0.757,21.764,29.0,136.202,105.89,36.82,6505.89
CALL,SPXW  260406C06405000,SPXW 04/06/2026 6405.00 C,6405.0,2026-04-06,133.45,130.4,2,136.5,1,143.07,2,37,20,0.715,0.002,-5.064,2.841,0.748,21.68,29.0,132.452,100.89,42.18,6505.89
CALL,SPXW  260406C06410000,SPXW 04/06/2026 6410.00 C,6410.0,2026-04-06,129.65,126.6,2,132.7,1,137.95,4,77,70,0.706,0.002,-5.13,2.883,0.739,21.596,29.0,128.712,95.89,42.06,6505.89
CALL,SPXW  260406C06415000,SPXW 04/06/2026 6415.00 C,6415.0,2026-04-06,128.25,127.5,3,129.0,1,127.75,2,86,44,0.697,0.002,-5.187,2.922,0.73,21.496,29.0,124.962,90.89,36.86,6505.89
CALL,SPXW  260406C06420000,SPXW 04/06/2026 6420.00 C,6420.0,2026-04-06,123.8,122.8,1,124.8,3,130.89,4,77,75,0.688,0.002,-5.248,2.961,0.721,21.416,29.0,121.312,85.89,45.0,6505.89
CALL,SPXW  260406C06425000,SPXW 04/06/2026 6425.00 C,6425.0,2026-04-06,118.2,115.2,1,121.2,3,121.33,5,79,170,0.678,0.002,-5.301,2.999,0.711,21.32,29.0,117.662,80.89,40.44,6505.89
CALL,SPXW  260406C06430000,SPXW 04/06/2026 6430.00 C,6430.0,2026-04-06,114.75,111.9,4,117.6,4,124.47,9,99,122,0.669,0.002,-5.34,3.034,0.702,21.189,29.0,113.912,75.89,48.58,6505.89
CALL,SPXW  260406C06435000,SPXW 04/06/2026 6435.00 C,6435.0,2026-04-06,111.85,109.7,1,114.0,4,115.83,1,50,118,0.659,0.002,-5.392,3.069,0.691,21.114,29.0,110.412,70.89,44.94,6505.89
CALL,SPXW  260406C06440000,SPXW 04/06/2026 6440.00 C,6440.0,2026-04-06,109.35,108.2,1,110.5,5,113.0,1,113,122,0.649,0.002,-5.436,3.102,0.681,21.023,29.0,106.908,65.89,47.11,6505.89
CALL,SPXW  260406C06445000,SPXW 04/06/2026 6445.00 C,6445.0,2026-04-06,105.95,104.8,2,107.1,5,107.34,5,82,134,0.639,0.002,-5.472,3.133,0.671,20.917,29.0,103.408,60.89,46.45,6505.89
CALL,SPXW  260406C06450000,SPXW 04/06/2026 6450.00 C,6450.0,2026-04-06,102.55,101.4,2,103.7,5,107.2,1,1329,270,0.629,0.002,-5.51,3.163,0.661,20.834,29.0,100.059,55.89,51.31,6505.89
CALL,SPXW  260406C06455000,SPXW 04/06/2026 6455.00 C,6455.0,2026-04-06,99.15,98.0,2,100.3,6,93.07,1,89,123,0.618,0.002,-5.542,3.191,0.65,20.745,29.0,96.71,50.89,42.18,6505.89
CALL,SPXW  260406C06460000,SPXW 04/06/2026 6460.00 C,6460.0,2026-04-06,96.25,95.5,4,97.0,6,102.83,4,436,138,0.608,0.002,-5.568,3.216,0.639,20.653,29.0,93.388,45.89,56.94,6505.89
CALL,SPXW  260406C06465000,SPXW 04/06/2026 6465.00 C,6465.0,2026-04-06,93.45,93.2,3,93.7,7,94.92,15,41,41,0.597,0.002,-5.592,3.24,0.628,20.562,29.0,90.135,40.89,54.03,6505.89
CALL,SPXW  260406C06470000,SPXW 04/06/2026 6470.00 C,6470.0,2026-04-06,90.05,89.6,1,90.5,7,95.54,1,250,117,0.586,0.002,-5.601,3.261,0.616,20.441,29.0,86.835,35.89,59.65,6505.89
CALL,SPXW  260406C06475000,SPXW 04/06/2026 6475.00 C,6475.0,2026-04-06,87.0,86.7,3,87.3,7,88.66,1,183,459,0.574,0.002,-5.622,3.28,0.605,20.368,29.0,83.762,30.89,57.77,6505.89
CALL,SPXW  260406C06480000,SPXW 04/06/2026 6480.00 C,6480.0,2026-04-06,83.95,83.7,2,84.2,7,88.59,25,705,747,0.563,0.002,-5.619,3.297,0.593,20.238,29.0,80.512,25.89,62.7,6505.89
CALL,SPXW  260406C06485000,SPXW 04/06/2026 6485.00 C,6485.0,2026-04-06,80.8,80.5,3,81.1,7,83.4,1,124,163,0.552,0.002,-5.617,3.311,0.581,20.128,29.0,77.412,20.89,62.51,6505.89
CALL,SPXW  260406C06490000,SPXW 04/06/2026 6490.00 C,6490.0,2026-04-06,77.8,77.5,3,78.1,8,82.3,3,119,169,0.54,0.002,-5.614,3.322,0.569,20.031,29.0,74.412,15.89,66.41,6505.89
CALL,SPXW  260406C06495000,SPXW 04/06/2026 6495.00 C,6495.0,2026-04-06,74.9,74.6,2,75.2,13,76.42,1,94,446,0.528,0.002,-5.602,3.33,0.557,19.928,29.0,71.435,10.89,65.53,6505.89
CALL,SPXW  260406C06500000,SPXW 04/06/2026 6500.00 C,6500.0,2026-04-06,72.0,71.7,5,72.3,14,76.98,3,605,3504,0.516,0.002,-5.582,3.336,0.545,19.811,29.0,68.486,5.89,71.09,6505.89
CALL,SPXW  260406C06505000,SPXW 04/06/2026 6505.00 C,6505.0,2026-04-06,69.15,68.9,3,69.4,13,69.5,3,167,145,0.504,0.002,-5.563,3.338,0.532,19.712,29.0,65.672,0.89,68.61,6505.89
CALL,SPXW  260406C06510000,SPXW 04/06/2026 6510.00 C,6510.0,2026-04-06,66.35,66.1,3,66.6,5,68.02,1,183,317,0.493,0.002,-5.854,3.338,0.52,20.719,29.0,66.572,-4.11,72.13,6505.89
CALL,SPXW  260406C06515000,SPXW 04/06/2026 6515.00 C,6515.0,2026-04-06,63.55,63.3,6,63.8,3,65.27,1,176,196,0.481,0.002,-5.813,3.335,0.508,20.587,29.0,63.773,-9.11,74.38,6505.89
CALL,SPXW  260406C06520000,SPXW 04/06/2026 6520.00 C,6520.0,2026-04-06,60.9,60.6,7,61.2,14,65.77,1,167,297,0.47,0.002,-5.774,3.329,0.496,20.478,29.0,61.1,-14.11,79.88,6505.89
CALL,SPXW  260406C06525000,SPXW 04/06/2026 6525.00 C,6525.0,2026-04-06,58.25,58.0,9,58.5,3,58.45,1,249,1743,0.458,0.002,-5.731,3.32,0.483,20.378,29.0,58.5,-19.11,77.56,6505.89
CALL,SPXW  260406C06530000,SPXW 04/06/2026 6530.00 C,6530.0,2026-04-06,55.7,55.4,8,56.0,14,56.97,6,488,598,0.446,0.002,-5.678,3.308,0.471,20.26,29.0,55.9,-24.11,81.08,6505.89
CALL,SPXW  260406C06535000,SPXW 04/06/2026 6535.00 C,6535.0,2026-04-06,53.15,52.9,12,53.4,3,57.72,1,125,147,0.434,0.002,-5.621,3.293,0.459,20.154,29.0,53.4,-29.11,86.83,6505.89
CALL,SPXW  260406C06540000,SPXW 04/06/2026 6540.00 C,6540.0,2026-04-06,50.75,50.5,5,51.0,3,52.16,13,1192,490,0.422,0.002,-5.562,3.275,0.446,20.063,29.0,50.974,-34.11,86.27,6505.89
CALL,SPXW  260406C06545000,SPXW 04/06/2026 6545.00 C,6545.0,2026-04-06,48.35,48.1,6,48.6,3,48.59,1,213,2022,0.41,0.002,-5.493,3.253,0.433,19.948,29.0,48.571,-39.11,87.7,6505.89
CALL,SPXW  260406C06550000,SPXW 04/06/2026 6550.00 C,6550.0,2026-04-06,46.05,45.8,3,46.3,3,47.4,1,908,964,0.398,0.002,-5.419,3.228,0.421,19.835,29.0,46.249,-44.11,91.51,6505.89
CALL,SPXW  260406C06555000,SPXW 04/06/2026 6555.00 C,6555.0,2026-04-06,43.75,43.5,12,44.0,3,45.01,2,332,203,0.385,0.002,-5.336,3.2,0.408,19.714,29.0,43.948,-49.11,94.12,6505.89
CALL,SPXW  260406C06560000,SPXW 04/06/2026 6560.00 C,6560.0,2026-04-06,41.55,41.3,12,41.8,3,45.92,1,412,502,0.373,0.002,-5.25,3.169,0.395,19.598,29.0,41.747,-54.11,100.03,6505.89
CALL,SPXW  260406C06565000,SPXW 04/06/2026 6565.00 C,6565.0,2026-04-06,39.4,39.2,3,39.6,3,43.49,10,175,254,0.361,0.002,-5.163,3.135,0.382,19.5,29.0,39.646,-59.11,102.6,6505.89
CALL,SPXW  260406C06570000,SPXW 04/06/2026 6570.00 C,6570.0,2026-04-06,37.3,37.1,5,37.5,3,40.4,44,497,382,0.349,0.002,-5.06,3.097,0.37,19.365,29.0,37.5,-64.11,104.51,6505.89
CALL,SPXW  260406C06575000,SPXW 04/06/2026 6575.00 C,6575.0,2026-04-06,35.3,35.1,5,35.5,3,36.44,1,830,292,0.337,0.002,-4.956,3.055,0.357,19.241,29.0,35.45,-69.11,105.55,6505.89
CALL,SPXW  260406C06580000,SPXW 04/06/2026 6580.00 C,6580.0,2026-04-06,33.35,33.1,13,33.6,3,34.34,3,927,314,0.325,0.002,-4.855,3.011,0.344,19.145,29.0,33.55,-74.11,108.45,6505.89
CALL,SPXW  260406C06585000,SPXW 04/06/2026 6585.00 C,6585.0,2026-04-06,31.5,31.3,4,31.7,3,33.34,1,150,205,0.313,0.002,-4.749,2.963,0.331,19.05,29.0,31.7,-79.11,112.45,6505.89
CALL,SPXW  260406C06590000,SPXW 04/06/2026 6590.00 C,6590.0,2026-04-06,29.7,29.5,4,29.9,4,32.45,12,535,327,0.301,0.002,-4.63,2.912,0.319,18.928,29.0,29.85,-84.11,116.56,6505.89
CALL,SPXW  260406C06595000,SPXW 04/06/2026 6595.00 C,6595.0,2026-04-06,27.9,27.7,7,28.1,6,30.3,1,123,75,0.289,0.002,-4.51,2.858,0.306,18.816,29.0,28.092,-89.11,119.41,6505.89
CALL,SPXW  260406C06600000,SPXW 04/06/2026 6600.00 C,6600.0,2026-04-06,26.2,26.0,6,26.4,6,27.9,50,5150,1814,0.277,0.002,-4.386,2.801,0.294,18.7,29.0,26.391,-94.11,122.01,6505.89
CALL,SPXW  260406C06605000,SPXW 04/06/2026 6605.00 C,6605.0,2026-04-06,24.55,24.4,6,24.7,4,27.55,1,4312,170,0.265,0.002,-4.256,2.741,0.281,18.579,29.0,24.741,-99.11,126.66,6505.89
CALL,SPXW  260406C06610000,SPXW 04/06/2026 6610.00 C,6610.0,2026-04-06,23.0,22.8,8,23.2,6,26.05,1,341,257,0.253,0.002,-4.127,2.678,0.269,18.471,29.0,23.19,-104.11,130.16,6505.89
CALL,SPXW  260406C06615000,SPXW 04/06/2026 6615.00 C,6615.0,2026-04-06,21.5,21.3,8,21.7,10,23.14,50,232,277,0.242,0.002,-3.986,2.612,0.257,18.339,29.0,21.64,-109.11,132.25,6505.89
CALL,SPXW  260406C06620000,SPXW 04/06/2026 6620.00 C,6620.0,2026-04-06,20.05,19.9,8,20.2,4,20.7,8,438,457,0.23,0.002,-3.847,2.543,0.245,18.216,29.0,20.189,-114.11,134.81,6505.89
CALL,SPXW  260406C06625000,SPXW 04/06/2026 6625.00 C,6625.0,2026-04-06,18.7,18.5,8,18.9,12,21.12,16,373,398,0.219,0.002,-3.705,2.472,0.233,18.092,29.0,18.788,-119.11,140.23,6505.89
CALL,SPXW  260406C06630000,SPXW 04/06/2026 6630.00 C,6630.0,2026-04-06,17.35,17.2,10,17.5,4,19.98,2,270,596,0.208,0.002,-3.565,2.399,0.221,17.983,29.0,17.487,-124.11,144.09,6505.89
CALL,SPXW  260406C06635000,SPXW 04/06/2026 6635.00 C,6635.0,2026-04-06,16.1,15.9,10,16.3,10,16.24,1,420,464,0.197,0.002,-3.422,2.324,0.21,17.869,29.0,16.235,-129.11,145.35,6505.89
CALL,SPXW  260406C06640000,SPXW 04/06/2026 6640.00 C,6640.0,2026-04-06,14.95,14.8,6,15.1,13,15.6,4,420,738,0.187,0.002,-3.278,2.247,0.199,17.752,29.0,15.04,-134.11,149.71,6505.89
CALL,SPXW  260406C06645000,SPXW 04/06/2026 6645.00 C,6645.0,2026-04-06,13.8,13.6,11,14.0,16,14.29,11,273,562,0.176,0.002,-3.13,2.168,0.188,17.629,29.0,13.89,-139.11,153.4,6505.89
CALL,SPXW  260406C06650000,SPXW 04/06/2026 6650.00 C,6650.0,2026-04-06,12.75,12.6,10,12.9,15,13.6,1,1432,687,0.166,0.002,-2.989,2.089,0.177,17.53,29.0,12.84,-144.11,157.71,6505.89
CALL,SPXW  260406C06655000,SPXW 04/06/2026 6655.00 C,6655.0,2026-04-06,11.75,11.6,8,11.9,18,12.21,11,283,356,0.157,0.002,-2.847,2.009,0.167,17.422,29.0,11.84,-149.11,161.32,6505.89
CALL,SPXW  260406C06660000,SPXW 04/06/2026 6660.00 C,6660.0,2026-04-06,10.75,10.6,12,10.9,5,10.8,13,202,567,0.147,0.002,-2.704,1.927,0.157,17.313,29.0,10.89,-154.11,164.91,6505.89
CALL,SPXW  260406C06665000,SPXW 04/06/2026 6665.00 C,6665.0,2026-04-06,9.85,9.7,38,10.0,5,9.9,15,242,394,0.138,0.002,-2.564,1.845,0.147,17.202,29.0,10.0,-159.11,169.01,6505.89
CALL,SPXW  260406C06670000,SPXW 04/06/2026 6670.00 C,6670.0,2026-04-06,9.05,8.9,13,9.2,15,9.7,1,426,368,0.129,0.001,-2.412,1.759,0.137,17.056,29.0,9.1,-164.11,173.81,6505.89
CALL,SPXW  260406C06675000,SPXW 04/06/2026 6675.00 C,6675.0,2026-04-06,8.25,8.1,19,8.4,19,8.9,1,226,290,0.12,0.001,-2.27,1.674,0.128,16.938,29.0,8.29,-169.11,178.01,6505.89
CALL,SPXW  260406C06680000,SPXW 04/06/2026 6680.00 C,6680.0,2026-04-06,7.55,7.4,15,7.7,43,7.6,5,360,480,0.112,0.001,-2.144,1.596,0.119,16.853,29.0,7.6,-174.11,181.71,6505.89
CALL,SPXW  260406C06685000,SPXW 04/06/2026 6685.00 C,6685.0,2026-04-06,6.8,6.7,17,6.9,8,6.9,7,355,277,0.104,0.001,-2.009,1.512,0.111,16.738,29.0,6.9,-179.11,186.01,6505.89
CALL,SPXW  260406C06690000,SPXW 04/06/2026 6690.00 C,6690.0,2026-04-06,6.2,6.1,13,6.3,8,6.68,1,319,296,0.097,0.001,-1.889,1.435,0.103,16.662,29.0,6.3,-184.11,190.79,6505.89
CALL,SPXW  260406C06695000,SPXW 04/06/2026 6695.00 C,6695.0,2026-04-06,5.6,5.5,20,5.7,8,6.51,1,245,396,0.09,0.001,-1.762,1.355,0.096,16.554,29.0,5.7,-189.11,195.62,6505.89
CALL,SPXW  260406C06700000,SPXW 04/06/2026 6700.00 C,6700.0,2026-04-06,5.05,4.9,26,5.2,24,5.4,1,1525,1430,0.083,0.001,-1.641,1.276,0.088,16.447,29.0,5.15,-194.11,199.51,6505.89
CALL,SPXW  260406C06705000,SPXW 04/06/2026 6705.00 C,6705.0,2026-04-06,4.55,4.4,47,4.7,54,5.0,1,342,213,0.076,0.001,-1.513,1.194,0.081,16.31,29.0,4.6,-199.11,204.11,6505.89
CALL,SPXW  260406C06710000,SPXW 04/06/2026 6710.00 C,6710.0,2026-04-06,4.1,4.0,24,4.2,16,4.5,1,481,549,0.07,0.001,-1.404,1.12,0.074,16.226,29.0,4.15,-204.11,208.61,6505.89
CALL,SPXW  260406C06715000,SPXW 04/06/2026 6715.00 C,6715.0,2026-04-06,3.7,3.6,37,3.8,22,4.6,1,508,208,0.064,0.001,-1.304,1.051,0.068,16.154,29.0,3.75,-209.11,213.71,6505.89
CALL,SPXW  260406C06720000,SPXW 04/06/2026 6720.00 C,6720.0,2026-04-06,3.35,3.2,50,3.5,132,4.2,7,479,391,0.059,0.001,-1.214,0.987,0.063,16.101,29.0,3.4,-214.11,218.31,6505.89
CALL,SPXW  260406C06725000,SPXW 04/06/2026 6725.00 C,6725.0,2026-04-06,3.0,2.9,41,3.1,73,3.9,7,884,1197,0.054,0.001,-1.112,0.916,0.057,15.992,29.0,3.025,-219.11,223.01,6505.89
CALL,SPXW  260406C06730000,SPXW 04/06/2026 6730.00 C,6730.0,2026-04-06,2.7,2.6,42,2.8,103,3.4,7,504,270,0.049,0.001,-1.027,0.855,0.053,15.929,29.0,2.725,-224.11,227.51,6505.89
CALL,SPXW  260406C06735000,SPXW 04/06/2026 6735.00 C,6735.0,2026-04-06,2.42,2.35,27,2.5,67,2.47,1,323,351,0.045,0.001,-0.939,0.791,0.048,15.839,29.0,2.425,-229.11,231.58,6505.89
CALL,SPXW  260406C06740000,SPXW 04/06/2026 6740.00 C,6740.0,2026-04-06,2.17,2.1,30,2.25,58,2.4,8,388,315,0.041,0.001,-0.864,0.735,0.044,15.78,29.0,2.175,-234.11,236.51,6505.89
CALL,SPXW  260406C06745000,SPXW 04/06/2026 6745.00 C,6745.0,2026-04-06,1.95,1.85,114,2.05,59,2.3,9,287,195,0.038,0.001,-0.802,0.687,0.04,15.763,29.0,1.975,-239.11,241.41,6505.89
CALL,SPXW  260406C06750000,SPXW 04/06/2026 6750.00 C,6750.0,2026-04-06,1.73,1.65,115,1.8,61,1.92,1,948,2888,0.034,0.001,-0.737,0.638,0.037,15.721,29.0,1.775,-244.11,246.03,6505.89
CALL,SPXW  260406C06755000,SPXW 04/06/2026 6755.00 C,6755.0,2026-04-06,1.58,1.5,72,1.65,66,1.75,1,250,202,0.031,0.001,-0.671,0.587,0.033,15.653,29.0,1.575,-249.11,250.86,6505.89
CALL,SPXW  260406C06760000,SPXW 04/06/2026 6760.00 C,6760.0,2026-04-06,1.4,1.35,16,1.45,27,1.72,1,372,262,0.028,0.0,-0.61,0.54,0.03,15.593,29.0,1.4,-254.11,255.83,6505.89
CALL,SPXW  260406C06765000,SPXW 04/06/2026 6765.00 C,6765.0,2026-04-06,1.25,1.2,16,1.3,23,1.5,13,205,108,0.026,0.0,-0.557,0.498,0.027,15.551,29.0,1.25,-259.11,260.61,6505.89
CALL,SPXW  260406C06770000,SPXW 04/06/2026 6770.00 C,6770.0,2026-04-06,1.1,1.05,48,1.15,34,1.1,1,285,788,0.023,0.0,-0.511,0.461,0.025,15.533,29.0,1.125,-264.11,265.21,6505.89
CALL,SPXW  260406C06775000,SPXW 04/06/2026 6775.00 C,6775.0,2026-04-06,1.0,0.95,21,1.05,42,1.1,4,553,601,0.021,0.0,-0.474,0.429,0.023,15.545,29.0,1.025,-269.11,270.21,6505.89
CALL,SPXW  260406C06780000,SPXW 04/06/2026 6780.00 C,6780.0,2026-04-06,0.9,0.85,18,0.95,45,1.1,9,342,483,0.019,0.0,-0.426,0.391,0.02,15.475,29.0,0.9,-274.11,275.21,6505.89
CALL,SPXW  260406C06790000,SPXW 04/06/2026 6790.00 C,6790.0,2026-04-06,0.75,0.7,20,0.8,84,0.8,1,635,367,0.016,0.0,-0.367,0.339,0.017,15.525,29.0,0.75,-284.11,284.91,6505.89
CALL,SPXW  260406C06800000,SPXW 04/06/2026 6800.00 C,6800.0,2026-04-06,0.57,0.55,51,0.6,3,0.65,5,1291,225,0.013,0.0,-0.304,0.286,0.014,15.494,29.0,0.6,-294.11,294.76,6505.89
CALL,SPXW  260406C06810000,SPXW 04/06/2026 6810.00 C,6810.0,2026-04-06,0.5,0.45,40,0.55,53,0.55,4,646,109,0.011,0.0,-0.261,0.247,0.012,15.554,29.0,0.5,-304.11,304.66,6505.89
CALL,SPXW  260406C06820000,SPXW 04/06/2026 6820.00 C,6820.0,2026-04-06,0.45,0.4,26,0.5,155,0.46,1,635,231,0.01,0.0,-0.239,0.225,0.011,15.773,29.0,0.45,-314.11,314.57,6505.89
CALL,SPXW  260406C06825000,SPXW 04/06/2026 6825.00 C,6825.0,2026-04-06,0.4,0.35,56,0.45,106,0.4,3,595,130,0.009,0.0,-0.216,0.205,0.01,15.752,29.0,0.4,-319.11,319.51,6505.89
CALL,SPXW  260406C06830000,SPXW 04/06/2026 6830.00 C,6830.0,2026-04-06,0.4,0.35,23,0.45,185,0.4,3,895,61,0.009,0.0,-0.216,0.203,0.01,15.962,29.0,0.4,-324.11,324.51,6505.89
CALL,SPXW  260406C06840000,SPXW 04/06/2026 6840.00 C,6840.0,2026-04-06,0.35,0.3,27,0.4,188,0.35,4,603,170,0.008,0.0,-0.193,0.181,0.008,16.114,29.0,0.35,-334.11,334.46,6505.89
CALL,SPXW  260406C06850000,SPXW 04/06/2026 6850.00 C,6850.0,2026-04-06,0.28,0.25,59,0.3,3,0.3,5,983,171,0.006,0.0,-0.156,0.15,0.007,16.066,29.0,0.275,-344.11,344.41,6505.89
CALL,SPXW  260406C06860000,SPXW 04/06/2026 6860.00 C,6860.0,2026-04-06,0.23,0.2,177,0.25,3,0.25,5,588,20,0.005,0.0,-0.131,0.127,0.006,16.103,29.0,0.225,-354.11,354.36,6505.89
CALL,SPXW  260406C06870000,SPXW 04/06/2026 6870.00 C,6870.0,2026-04-06,0.25,0.2,47,0.3,185,0.25,3,396,52,0.006,0.0,-0.145,0.135,0.006,16.686,29.0,0.25,-364.11,364.36,6505.89
CALL,SPXW  260406C06875000,SPXW 04/06/2026 6875.00 C,6875.0,2026-04-06,0.23,0.2,41,0.25,25,0.2,4,1020,44,0.005,0.0,-0.132,0.124,0.005,16.688,29.0,0.225,-369.11,369.31,6505.89
CALL,SPXW  260406C06880000,SPXW 04/06/2026 6880.00 C,6880.0,2026-04-06,0.2,0.15,248,0.25,121,0.2,3,301,29,0.005,0.0,-0.119,0.112,0.005,16.668,29.0,0.2,-374.11,374.31,6505.89
CALL,SPXW  260406C06890000,SPXW 04/06/2026 6890.00 C,6890.0,2026-04-06,0.18,0.15,84,0.2,5,0.29,1,588,16,0.004,0.0,-0.106,0.1,0.004,16.815,29.0,0.175,-384.11,384.4,6505.89
CALL,SPXW  260406C06900000,SPXW 04/06/2026 6900.00 C,6900.0,2026-04-06,0.2,0.15,114,0.25,240,0.2,3,1103,180,0.004,0.0,-0.12,0.108,0.005,17.434,29.0,0.2,-394.11,394.31,6505.89
CALL,SPXW  260406C06910000,SPXW 04/06/2026 6910.00 C,6910.0,2026-04-06,0.18,0.15,31,0.2,88,0.25,1,190,5,0.004,0.0,-0.106,0.096,0.004,17.569,29.0,0.175,-404.11,404.36,6505.89
CALL,SPXW  260406C06920000,SPXW 04/06/2026 6920.00 C,6920.0,2026-04-06,0.15,0.1,264,0.2,105,0.1,1,403,2,0.003,0.0,-0.093,0.085,0.004,17.668,29.0,0.15,-414.11,414.21,6505.89
CALL,SPXW  260406C06925000,SPXW 04/06/2026 6925.00 C,6925.0,2026-04-06,0.15,0.1,288,0.2,147,0.21,1,310,11,0.003,0.0,-0.093,0.084,0.004,17.855,29.0,0.15,-419.11,419.32,6505.89
CALL,SPXW  260406C06930000,SPXW 04/06/2026 6930.00 C,6930.0,2026-04-06,0.15,0.1,224,0.2,157,0.22,1,201,4,0.003,0.0,-0.093,0.083,0.004,18.039,29.0,0.15,-424.11,424.33,6505.89
CALL,SPXW  260406C06940000,SPXW 04/06/2026 6940.00 C,6940.0,2026-04-06,0.13,0.1,209,0.15,5,0.25,68,485,105,0.003,0.0,-0.079,0.071,0.003,18.076,29.0,0.125,-434.11,434.36,6505.89
CALL,SPXW  260406C06950000,SPXW 04/06/2026 6950.00 C,6950.0,2026-04-06,0.15,0.1,214,0.2,158,0.15,1,729,45,0.003,0.0,-0.093,0.081,0.003,18.77,29.0,0.15,-444.11,444.26,6505.89
CALL,SPXW  260406C06975000,SPXW 04/06/2026 6975.00 C,6975.0,2026-04-06,0.15,0.1,146,0.2,181,0.2,5,644,11,0.003,0.0,-0.094,0.077,0.003,19.683,29.0,0.15,-469.11,469.31,6505.89
CALL,SPXW  260406C07000000,SPXW 04/06/2026 7000.00 C,7000.0,2026-04-06,0.15,0.1,146,0.2,344,0.25,1,1162,27,0.003,0.0,-0.094,0.075,0.003,20.584,29.0,0.15,-494.11,494.36,6505.89
CALL,SPXW  260406C07025000,SPXW 04/06/2026 7025.00 C,7025.0,2026-04-06,0.15,0.1,1,0.2,368,0.15,1,1467,13,0.003,0.0,-0.095,0.072,0.003,21.483,29.0,0.15,-519.11,519.26,6505.89
CALL,SPXW  260406C07050000,SPXW 04/06/2026 7050.00 C,7050.0,2026-04-06,0.1,0.05,606,0.15,73,0.11,1,1976,12,0.002,0.0,-0.066,0.051,0.002,21.546,29.0,0.1,-544.11,544.22,6505.89
CALL,SPXW  260406C07075000,SPXW 04/06/2026 7075.00 C,7075.0,2026-04-06,0.1,0.05,382,0.15,168,0.15,32,1810,34,0.002,0.0,-0.066,0.05,0.002,22.401,29.0,0.1,-569.11,569.26,6505.89
CALL,SPXW  260406C07100000,SPXW 04/06/2026 7100.00 C,7100.0,2026-04-06,0.1,0.05,281,0.15,202,0.05,2,983,2,0.002,0.0,-0.066,0.048,0.002,23.247,29.0,0.1,-594.11,594.16,6505.89
CALL,SPXW  260406C07125000,SPXW 04/06/2026 7125.00 C,7125.0,2026-04-06,0.1,0.05,175,0.15,248,0.05,1,441,0,0.002,0.0,-0.066,0.047,0.002,24.093,29.0,0.1,-619.11,619.16,6505.89
CALL,SPXW  260406C07150000,SPXW 04/06/2026 7150.00 C,7150.0,2026-04-06,0.1,0.05,148,0.15,353,0.1,1,526,50,0.002,0.0,-0.067,0.045,0.002,24.929,29.0,0.1,-644.11,644.21,6505.89
CALL,SPXW  260406C07175000,SPXW 04/06/2026 7175.00 C,7175.0,2026-04-06,0.1,0.05,36,0.15,377,0.1,5,511,46,0.002,0.0,-0.067,0.044,0.002,25.764,29.0,0.1,-669.11,669.21,6505.89
CALL,SPXW  260406C07200000,SPXW 04/06/2026 7200.00 C,7200.0,2026-04-06,0.1,0.05,35,0.15,415,0.1,1,379,16,0.002,0.0,-0.067,0.043,0.002,26.592,29.0,0.1,-694.11,694.21,6505.89
CALL,SPXW  260406C07225000,SPXW 04/06/2026 7225.00 C,7225.0,2026-04-06,0.08,0.05,34,0.1,62,0.06,20,225,32,0.001,0.0,-0.052,0.033,0.001,26.748,29.0,0.075,-719.11,719.17,6505.89
CALL,SPXW  260406C07250000,SPXW 04/06/2026 7250.00 C,7250.0,2026-04-06,0.05,0.0,0,0.1,61,0.05,20,889,32,0.001,0.0,-0.035,0.024,0.001,26.662,29.0,0.05,-744.11,744.16,6505.89
CALL,SPXW  260406C07275000,SPXW 04/06/2026 7275.00 C,7275.0,2026-04-06,0.05,0.0,0,0.1,64,0.1,1,366,0,0.001,0.0,-0.036,0.023,0.001,27.434,29.0,0.05,-769.11,769.21,6505.89
CALL,SPXW  260406C07300000,SPXW 04/06/2026 7300.00 C,7300.0,2026-04-06,0.05,0.0,0,0.1,153,0.15,1,72,0,0.001,0.0,-0.036,0.023,0.001,28.205,29.0,0.05,-794.11,794.26,6505.89
CALL,SPXW  260406C07325000,SPXW 04/06/2026 7325.00 C,7325.0,2026-04-06,0.05,0.0,0,0.1,157,0.1,1,95,0,0.001,0.0,-0.036,0.022,0.001,28.968,29.0,0.05,-819.11,819.21,6505.89
CALL,SPXW  260406C07350000,SPXW 04/06/2026 7350.00 C,7350.0,2026-04-06,0.05,0.0,0,0.1,162,0.12,1,807,0,0.001,0.0,-0.036,0.022,0.001,29.747,29.0,0.05,-844.11,844.23,6505.89
CALL,SPXW  260406C07400000,SPXW 04/06/2026 7400.00 C,7400.0,2026-04-06,0.05,0.0,0,0.1,301,0.15,1,33,0,0.001,0.0,-0.036,0.021,0.001,31.243,29.0,0.05,-894.11,894.26,6505.89
CALL,SPXW  260406C07500000,SPXW 04/06/2026 7500.00 C,7500.0,2026-04-06,0.05,0.0,0,0.1,368,0.05,36,48,0,0.001,0.0,-0.036,0.019,0.001,34.216,29.0,0.05,-994.11,994.16,6505.89
CALL,SPXW  260406C07600000,SPXW 04/06/2026 7600.00 C,7600.0,2026-04-06,0.05,0.0,0,0.1,444,0.05,1,7,1,0.001,0.0,-0.036,0.018,0.001,37.128,29.0,0.05,-1094.11,1094.16,6505.89
CALL,SPXW  260406C07800000,SPXW 04/06/2026 7800.00 C,7800.0,2026-04-06,0.03,0.0,0,0.05,92,0.2,1,8,0,0.0,0.0,-0.019,0.009,0.0,40.779,29.0,0.025,-1294.11,1294.31,6505.89
CALL,SPXW  260406C08000000,SPXW 04/06/2026 8000.00 C,8000.0,2026-04-06,0.03,0.0,0,0.05,201,0.08,1,2,0,0.0,0.0,-0.019,0.008,0.0,45.998,29.0,0.025,-1494.11,1494.19,6505.89
CALL,SPXW  260406C08200000,SPXW 04/06/2026 8200.00 C,8200.0,2026-04-06,0.03,0.0,0,0.05,322,0.0,0,4,0,0.0,0.0,-0.019,0.008,0.0,51.065,29.0,0.025,-1694.11,1694.11,6505.89
CALL,SPXW  260406C08400000,SPXW 04/06/2026 8400.00 C,8400.0,2026-04-06,0.03,0.0,0,0.05,407,0.0,0,0,0,0.0,0.0,-0.02,0.007,0.0,55.98,29.0,0.025,-1894.11,1894.11,6505.89
CALL,SPXW  260406C08600000,SPXW 04/06/2026 8600.00 C,8600.0,2026-04-06,0.03,0.0,0,0.05,440,0.15,4,4,0,0.0,0.0,-0.02,0.007,0.0,60.791,29.0,0.025,-2094.11,2094.26,6505.89
CALL,SPXW  260406C08800000,SPXW 04/06/2026 8800.00 C,8800.0,2026-04-06,0.03,0.0,0,0.05,411,0.0,0,0,0,0.0,0.0,-0.02,0.006,0.0,65.381,29.0,0.025,-2294.11,2294.11,6505.89
CALL,SPXW  260406C09000000,SPXW 04/06/2026 9000.00 C,9000.0,2026-04-06,0.03,0.0,0,0.05,412,0.05,11,1,11,0.0,0.0,-0.02,0.006,0.0,69.863,29.0,0.025,-2494.11,2494.16,6505.89
PUT,SPXW  260406P02600000,SPXW 04/06/2026 2600.00 P,2600.0,2026-04-06,0.03,0.0,0,0.05,321,0.0,0,0,0,0.0,0.0,-0.02,0.002,0.0,192.365,29.0,0.025,-3905.89,3905.89,6505.89
PUT,SPXW  260406P02800000,SPXW 04/06/2026 2800.00 P,2800.0,2026-04-06,0.03,0.0,0,0.05,350,0.25,1,85,0,0.0,0.0,-0.02,0.002,0.0,177.275,29.0,0.025,-3705.89,3706.14,6505.89
PUT,SPXW  260406P03000000,SPXW 04/06/2026 3000.00 P,3000.0,2026-04-06,0.03,0.0,0,0.05,380,0.03,50,192,100,0.0,0.0,-0.02,0.003,0.0,163.279,29.0,0.025,-3505.89,3505.92,6505.89
PUT,SPXW  260406P03200000,SPXW 04/06/2026 3200.00 P,3200.0,2026-04-06,0.03,0.0,0,0.05,278,0.03,12,44,0,0.0,0.0,-0.02,0.003,0.0,150.258,29.0,0.025,-3305.89,3305.92,6505.89
PUT,SPXW  260406P03400000,SPXW 04/06/2026 3400.00 P,3400.0,2026-04-06,0.03,0.0,0,0.05,259,0.07,184,2480,0,0.0,0.0,-0.02,0.003,0.0,137.853,29.0,0.025,-3105.89,3105.96,6505.89
PUT,SPXW  260406P03600000,SPXW 04/06/2026 3600.00 P,3600.0,2026-04-06,0.03,0.0,0,0.05,256,0.03,6,820,50,0.0,0.0,-0.02,0.003,0.0,126.15,29.0,0.025,-2905.89,2905.92,6505.89
PUT,SPXW  260406P03800000,SPXW 04/06/2026 3800.00 P,3800.0,2026-04-06,0.03,0.0,0,0.05,79,0.1,1,474,0,0.0,0.0,-0.02,0.004,0.0,115.137,29.0,0.025,-2705.89,2705.99,6505.89
PUT,SPXW  260406P04000000,SPXW 04/06/2026 4000.00 P,4000.0,2026-04-06,0.03,0.0,0,0.05,79,0.1,1,649,0,0.0,0.0,-0.02,0.004,0.0,104.63,29.0,0.025,-2505.89,2505.99,6505.89
PUT,SPXW  260406P04200000,SPXW 04/06/2026 4200.00 P,4200.0,2026-04-06,0.03,0.0,0,0.05,72,0.05,50,469,95,0.0,0.0,-0.02,0.004,0.0,94.594,29.0,0.025,-2305.89,2305.94,6505.89
PUT,SPXW  260406P04400000,SPXW 04/06/2026 4400.00 P,4400.0,2026-04-06,0.03,0.0,0,0.05,842,0.05,1,1977,311,0.0,0.0,-0.02,0.005,0.0,85.004,29.0,0.025,-2105.89,2105.94,6505.89
PUT,SPXW  260406P04600000,SPXW 04/06/2026 4600.00 P,4600.0,2026-04-06,0.03,0.0,0,0.05,35,0.05,20,1084,54,0.0,0.0,-0.02,0.005,0.0,75.87,29.0,0.025,-1905.89,1905.94,6505.89
PUT,SPXW  260406P04800000,SPXW 04/06/2026 4800.00 P,4800.0,2026-04-06,0.08,0.05,136,0.1,201,0.07,20,2324,200,0.0,0.0,-0.055,0.014,-0.001,72.33,29.0,0.075,-1705.89,1705.96,6505.89
PUT,SPXW  260406P05000000,SPXW 04/06/2026 5000.00 P,5000.0,2026-04-06,0.08,0.05,164,0.1,2,0.1,1,1333,1090,-0.001,0.0,-0.054,0.016,-0.001,63.2,29.0,0.075,-1505.89,1505.99,6505.89
PUT,SPXW  260406P05100000,SPXW 04/06/2026 5100.00 P,5100.0,2026-04-06,0.1,0.05,223,0.15,53,0.13,6,578,129,-0.001,0.0,-0.071,0.021,-0.001,60.096,29.0,0.1,-1405.89,1406.02,6505.89
PUT,SPXW  260406P05200000,SPXW 04/06/2026 5200.00 P,5200.0,2026-04-06,0.15,0.1,295,0.2,53,0.15,1,1996,518,-0.001,0.0,-0.103,0.031,-0.001,57.518,29.0,0.15,-1305.89,1306.04,6505.89
PUT,SPXW  260406P05300000,SPXW 04/06/2026 5300.00 P,5300.0,2026-04-06,0.23,0.2,154,0.25,1,0.2,1,882,298,-0.002,0.0,-0.148,0.045,-0.002,54.911,29.0,0.225,-1205.89,1206.09,6505.89
PUT,SPXW  260406P05400000,SPXW 04/06/2026 5400.00 P,5400.0,2026-04-06,0.32,0.3,122,0.35,1,0.4,5,2441,463,-0.002,0.0,-0.206,0.064,-0.003,52.075,29.0,0.325,-1105.89,1106.29,6505.89
PUT,SPXW  260406P05475000,SPXW 04/06/2026 5475.00 P,5475.0,2026-04-06,0.43,0.35,189,0.5,345,0.75,37,0,304,-0.003,0.0,-0.26,0.083,-0.004,49.871,29.0,0.425,-1030.89,1031.64,6505.89
PUT,SPXW  260406P05500000,SPXW 04/06/2026 5500.00 P,5500.0,2026-04-06,0.45,0.4,158,0.5,57,0.5,1,1470,177,-0.004,0.0,-0.274,0.088,-0.004,48.965,29.0,0.45,-1005.89,1006.39,6505.89
PUT,SPXW  260406P05525000,SPXW 04/06/2026 5525.00 P,5525.0,2026-04-06,0.5,0.45,156,0.55,130,0.59,1,186,196,-0.004,0.0,-0.3,0.098,-0.004,48.297,29.0,0.5,-980.89,981.48,6505.89
PUT,SPXW  260406P05550000,SPXW 04/06/2026 5550.00 P,5550.0,2026-04-06,0.55,0.5,99,0.6,130,0.8,7,75,8,-0.004,0.0,-0.326,0.107,-0.005,47.576,29.0,0.55,-955.89,956.69,6505.89
PUT,SPXW  260406P05575000,SPXW 04/06/2026 5575.00 P,5575.0,2026-04-06,0.6,0.55,96,0.65,128,0.6,1,170,99,-0.005,0.0,-0.352,0.116,-0.005,46.806,29.0,0.6,-930.89,931.49,6505.89
PUT,SPXW  260406P05600000,SPXW 04/06/2026 5600.00 P,5600.0,2026-04-06,0.63,0.55,232,0.7,192,0.65,1,1755,451,-0.005,0.0,-0.364,0.122,-0.006,45.79,29.0,0.625,-905.89,906.54,6505.89
PUT,SPXW  260406P05625000,SPXW 04/06/2026 5625.00 P,5625.0,2026-04-06,0.68,0.6,229,0.75,203,0.9,24,131,112,-0.006,0.0,-0.388,0.132,-0.006,44.959,29.0,0.675,-880.89,881.79,6505.89
PUT,SPXW  260406P05650000,SPXW 04/06/2026 5650.00 P,5650.0,2026-04-06,0.75,0.7,95,0.8,187,0.95,13,420,215,-0.006,0.0,-0.425,0.146,-0.007,44.262,29.0,0.749,-855.89,856.84,6505.89
PUT,SPXW  260406P05675000,SPXW 04/06/2026 5675.00 P,5675.0,2026-04-06,0.8,0.75,132,0.85,151,1.0,50,3206,198,-0.007,0.0,-0.448,0.156,-0.007,43.351,29.0,0.8,-830.89,831.89,6505.89
PUT,SPXW  260406P05700000,SPXW 04/06/2026 5700.00 P,5700.0,2026-04-06,0.85,0.8,150,0.9,11,0.87,10,754,406,-0.007,0.0,-0.472,0.167,-0.008,42.41,29.0,0.85,-805.89,806.76,6505.89
PUT,SPXW  260406P05725000,SPXW 04/06/2026 5725.00 P,5725.0,2026-04-06,0.93,0.85,149,1.0,196,0.9,4,425,228,-0.008,0.0,-0.506,0.182,-0.009,41.588,29.0,0.925,-780.89,781.79,6505.89
PUT,SPXW  260406P05750000,SPXW 04/06/2026 5750.00 P,5750.0,2026-04-06,1.0,0.95,145,1.05,38,1.0,1,527,133,-0.009,0.0,-0.54,0.196,-0.009,40.72,29.0,1.0,-755.89,756.89,6505.89
PUT,SPXW  260406P05775000,SPXW 04/06/2026 5775.00 P,5775.0,2026-04-06,1.1,1.05,78,1.15,144,1.05,4,622,42,-0.01,0.0,-0.584,0.215,-0.011,39.936,29.0,1.1,-730.89,731.94,6505.89
PUT,SPXW  260406P05800000,SPXW 04/06/2026 5800.00 P,5800.0,2026-04-06,1.18,1.1,146,1.25,172,1.1,1,7995,188,-0.01,0.0,-0.616,0.231,-0.011,38.989,29.0,1.175,-705.89,706.99,6505.89
PUT,SPXW  260406P05825000,SPXW 04/06/2026 5825.00 P,5825.0,2026-04-06,1.27,1.2,146,1.35,173,1.2,1,421,84,-0.011,0.0,-0.658,0.251,-0.013,38.114,29.0,1.274,-680.89,682.09,6505.89
PUT,SPXW  260406P05840000,SPXW 04/06/2026 5840.00 P,5840.0,2026-04-06,1.35,1.3,69,1.4,117,1.2,1,0,95,-0.012,0.0,-0.69,0.265,-0.013,37.626,29.0,1.349,-665.89,667.09,6505.89
PUT,SPXW  260406P05850000,SPXW 04/06/2026 5850.00 P,5850.0,2026-04-06,1.38,1.3,144,1.45,175,1.25,1,753,137,-0.013,0.0,-0.699,0.271,-0.014,37.195,29.0,1.374,-655.89,657.14,6505.89
PUT,SPXW  260406P05860000,SPXW 04/06/2026 5860.00 P,5860.0,2026-04-06,1.43,1.35,116,1.5,149,1.3,1,0,20,-0.013,0.0,-0.719,0.281,-0.014,36.854,29.0,1.424,-645.89,647.19,6505.89
PUT,SPXW  260406P05870000,SPXW 04/06/2026 5870.00 P,5870.0,2026-04-06,1.45,1.4,126,1.5,1,1.4,1,0,303,-0.013,0.0,-0.729,0.287,-0.015,36.42,29.0,1.45,-635.89,637.29,6505.89
PUT,SPXW  260406P05875000,SPXW 04/06/2026 5875.00 P,5875.0,2026-04-06,1.5,1.45,81,1.55,90,1.35,1,913,234,-0.014,0.0,-0.75,0.296,-0.015,36.329,29.0,1.5,-630.89,632.24,6505.89
PUT,SPXW  260406P05880000,SPXW 04/06/2026 5880.00 P,5880.0,2026-04-06,1.53,1.45,104,1.6,149,1.45,1,0,43,-0.014,0.0,-0.76,0.301,-0.015,36.149,29.0,1.525,-625.89,627.34,6505.89
PUT,SPXW  260406P05890000,SPXW 04/06/2026 5890.00 P,5890.0,2026-04-06,1.58,1.5,102,1.65,148,1.5,1,0,13,-0.015,0.0,-0.78,0.311,-0.016,35.784,29.0,1.575,-615.89,617.39,6505.89
PUT,SPXW  260406P05900000,SPXW 04/06/2026 5900.00 P,5900.0,2026-04-06,1.63,1.55,124,1.7,167,1.55,1,1001,192,-0.015,0.0,-0.799,0.321,-0.017,35.412,29.0,1.625,-605.89,607.44,6505.89
PUT,SPXW  260406P05910000,SPXW 04/06/2026 5910.00 P,5910.0,2026-04-06,1.68,1.6,105,1.75,146,1.6,1,0,40,-0.016,0.0,-0.818,0.331,-0.017,35.031,29.0,1.675,-595.89,597.49,6505.89
PUT,SPXW  260406P05920000,SPXW 04/06/2026 5920.00 P,5920.0,2026-04-06,1.73,1.65,111,1.8,133,1.65,1,0,27,-0.016,0.0,-0.837,0.341,-0.018,34.645,29.0,1.725,-585.89,587.54,6505.89
PUT,SPXW  260406P05925000,SPXW 04/06/2026 5925.00 P,5925.0,2026-04-06,1.78,1.7,90,1.85,184,1.65,1,873,50,-0.017,0.0,-0.846,0.347,-0.018,34.45,29.0,1.75,-580.89,582.54,6505.89
PUT,SPXW  260406P05930000,SPXW 04/06/2026 5930.00 P,5930.0,2026-04-06,1.8,1.75,43,1.85,97,1.65,1,0,68,-0.017,0.0,-0.866,0.355,-0.019,34.327,29.0,1.8,-575.89,577.54,6505.89
PUT,SPXW  260406P05940000,SPXW 04/06/2026 5940.00 P,5940.0,2026-04-06,1.88,1.8,53,1.95,152,1.7,1,0,15,-0.018,0.0,-0.894,0.369,-0.02,33.995,29.0,1.875,-565.89,567.59,6505.89
PUT,SPXW  260406P05950000,SPXW 04/06/2026 5950.00 P,5950.0,2026-04-06,1.93,1.85,86,2.0,166,1.77,1,702,209,-0.018,0.0,-0.902,0.377,-0.02,33.521,29.0,1.9,-555.89,557.66,6505.89
PUT,SPXW  260406P05960000,SPXW 04/06/2026 5960.00 P,5960.0,2026-04-06,1.98,1.9,91,2.05,133,1.9,1,0,50,-0.019,0.0,-0.929,0.391,-0.021,33.171,29.0,1.975,-545.89,547.79,6505.89
PUT,SPXW  260406P05970000,SPXW 04/06/2026 5970.00 P,5970.0,2026-04-06,2.05,2.0,22,2.1,16,1.96,57,0,191,-0.02,0.0,-0.957,0.406,-0.022,32.814,29.0,2.05,-535.89,537.85,6505.89
PUT,SPXW  260406P05975000,SPXW 04/06/2026 5975.00 P,5975.0,2026-04-06,2.08,2.0,109,2.15,83,2.0,1,1086,215,-0.02,0.0,-0.965,0.412,-0.022,32.602,29.0,2.075,-530.89,532.89,6505.89
PUT,SPXW  260406P05980000,SPXW 04/06/2026 5980.00 P,5980.0,2026-04-06,2.13,2.05,80,2.2,132,2.0,1,0,43,-0.021,0.0,-0.983,0.421,-0.023,32.451,29.0,2.125,-525.89,527.89,6505.89
PUT,SPXW  260406P05985000,SPXW 04/06/2026 5985.00 P,5985.0,2026-04-06,2.17,2.1,64,2.25,130,2.05,1,0,28,-0.021,0.0,-1.001,0.43,-0.023,32.293,29.0,2.175,-520.89,522.94,6505.89
PUT,SPXW  260406P05990000,SPXW 04/06/2026 5990.00 P,5990.0,2026-04-06,2.2,2.15,23,2.25,16,2.1,1,121,104,-0.022,0.0,-1.009,0.435,-0.024,32.076,29.0,2.2,-515.89,517.99,6505.89
PUT,SPXW  260406P05995000,SPXW 04/06/2026 5995.00 P,5995.0,2026-04-06,2.25,2.2,5,2.3,22,2.15,1,0,56,-0.022,0.0,-1.018,0.441,-0.024,31.857,29.0,2.225,-510.89,513.04,6505.89
PUT,SPXW  260406P06000000,SPXW 04/06/2026 6000.00 P,6000.0,2026-04-06,2.28,2.2,103,2.35,40,2.1,1,3633,685,-0.023,0.0,-1.035,0.451,-0.025,31.69,29.0,2.275,-505.89,507.99,6505.89
PUT,SPXW  260406P06005000,SPXW 04/06/2026 6005.00 P,6005.0,2026-04-06,2.33,2.25,84,2.4,57,2.2,1,0,31,-0.023,0.0,-1.053,0.46,-0.025,31.522,29.0,2.325,-500.89,503.09,6505.89
PUT,SPXW  260406P06010000,SPXW 04/06/2026 6010.00 P,6010.0,2026-04-06,2.38,2.3,91,2.45,82,2.25,1,162,139,-0.024,0.0,-1.07,0.469,-0.026,31.352,29.0,2.375,-495.89,498.14,6505.89
PUT,SPXW  260406P06015000,SPXW 04/06/2026 6015.00 P,6015.0,2026-04-06,2.42,2.35,75,2.5,70,2.35,1,0,79,-0.024,0.0,-1.087,0.478,-0.027,31.178,29.0,2.425,-490.89,493.24,6505.89
PUT,SPXW  260406P06020000,SPXW 04/06/2026 6020.00 P,6020.0,2026-04-06,2.47,2.4,73,2.55,71,2.37,5,148,73,-0.025,0.0,-1.104,0.488,-0.027,31.002,29.0,2.475,-485.89,488.26,6505.89
PUT,SPXW  260406P06025000,SPXW 04/06/2026 6025.00 P,6025.0,2026-04-06,2.53,2.45,88,2.6,82,2.42,5,469,168,-0.025,0.0,-1.12,0.497,-0.028,30.826,29.0,2.525,-480.89,483.31,6505.89
PUT,SPXW  260406P06030000,SPXW 04/06/2026 6030.00 P,6030.0,2026-04-06,2.58,2.5,69,2.65,43,2.5,1,178,84,-0.026,0.0,-1.137,0.507,-0.028,30.644,29.0,2.575,-475.89,478.39,6505.89
PUT,SPXW  260406P06035000,SPXW 04/06/2026 6035.00 P,6035.0,2026-04-06,2.63,2.55,73,2.7,37,2.55,1,0,7,-0.027,0.0,-1.153,0.516,-0.029,30.46,29.0,2.625,-470.89,473.44,6505.89
PUT,SPXW  260406P06040000,SPXW 04/06/2026 6040.00 P,6040.0,2026-04-06,2.68,2.6,95,2.75,37,2.6,1,249,167,-0.027,0.0,-1.17,0.526,-0.03,30.273,29.0,2.675,-465.89,468.49,6505.89
PUT,SPXW  260406P06045000,SPXW 04/06/2026 6045.00 P,6045.0,2026-04-06,2.78,2.7,5,2.85,82,2.55,1,0,76,-0.028,0.0,-1.186,0.535,-0.03,30.083,29.0,2.725,-460.89,463.44,6505.89
PUT,SPXW  260406P06050000,SPXW 04/06/2026 6050.00 P,6050.0,2026-04-06,2.83,2.75,56,2.9,108,2.65,1,1466,288,-0.029,0.0,-1.219,0.551,-0.032,29.98,29.0,2.825,-455.89,458.54,6505.89
PUT,SPXW  260406P06055000,SPXW 04/06/2026 6055.00 P,6055.0,2026-04-06,2.88,2.8,82,2.95,66,2.7,1,0,105,-0.029,0.0,-1.235,0.561,-0.032,29.784,29.0,2.875,-450.89,453.59,6505.89
PUT,SPXW  260406P06060000,SPXW 04/06/2026 6060.00 P,6060.0,2026-04-06,2.93,2.85,100,3.0,36,2.8,1,103,65,-0.03,0.0,-1.25,0.571,-0.033,29.585,29.0,2.925,-445.89,448.69,6505.89
PUT,SPXW  260406P06065000,SPXW 04/06/2026 6065.00 P,6065.0,2026-04-06,3.03,2.95,21,3.1,73,2.85,1,0,120,-0.031,0.0,-1.283,0.587,-0.034,29.47,29.0,3.025,-440.89,443.74,6505.89
PUT,SPXW  260406P06070000,SPXW 04/06/2026 6070.00 P,6070.0,2026-04-06,3.1,3.0,96,3.2,151,2.9,1,244,190,-0.032,0.0,-1.307,0.599,-0.035,29.31,29.0,3.1,-435.89,438.79,6505.89
PUT,SPXW  260406P06075000,SPXW 04/06/2026 6075.00 P,6075.0,2026-04-06,3.2,3.1,64,3.3,324,2.9,1,1493,541,-0.033,0.0,-1.338,0.615,-0.036,29.185,29.0,3.2,-430.89,433.79,6505.89
PUT,SPXW  260406P06080000,SPXW 04/06/2026 6080.00 P,6080.0,2026-04-06,3.25,3.1,153,3.4,324,3.0,1,101,60,-0.033,0.0,-1.336,0.62,-0.036,28.894,29.0,3.2,-425.89,428.89,6505.89
PUT,SPXW  260406P06085000,SPXW 04/06/2026 6085.00 P,6085.0,2026-04-06,3.3,3.2,111,3.4,22,3.1,1,0,38,-0.034,0.0,-1.367,0.636,-0.037,28.761,29.0,3.3,-420.89,423.99,6505.89
PUT,SPXW  260406P06090000,SPXW 04/06/2026 6090.00 P,6090.0,2026-04-06,3.4,3.3,116,3.5,78,3.2,1,134,227,-0.035,0.0,-1.398,0.652,-0.039,28.623,29.0,3.4,-415.89,419.09,6505.89
PUT,SPXW  260406P06095000,SPXW 04/06/2026 6095.00 P,6095.0,2026-04-06,3.5,3.4,110,3.6,56,3.3,1,0,302,-0.036,0.0,-1.428,0.668,-0.04,28.478,29.0,3.5,-410.89,414.19,6505.89
PUT,SPXW  260406P06100000,SPXW 04/06/2026 6100.00 P,6100.0,2026-04-06,3.6,3.5,108,3.7,55,3.39,19,1088,556,-0.037,0.0,-1.458,0.684,-0.041,28.333,29.0,3.6,-405.89,409.28,6505.89
PUT,SPXW  260406P06105000,SPXW 04/06/2026 6105.00 P,6105.0,2026-04-06,3.7,3.6,95,3.8,36,3.5,1,0,151,-0.039,0.0,-1.488,0.7,-0.042,28.18,29.0,3.7,-400.89,404.39,6505.89
PUT,SPXW  260406P06110000,SPXW 04/06/2026 6110.00 P,6110.0,2026-04-06,3.8,3.7,101,3.9,37,3.6,1,305,184,-0.04,0.0,-1.517,0.716,-0.043,28.02,29.0,3.8,-395.89,399.49,6505.89
PUT,SPXW  260406P06115000,SPXW 04/06/2026 6115.00 P,6115.0,2026-04-06,3.9,3.8,103,4.0,24,3.7,1,0,106,-0.041,0.0,-1.545,0.733,-0.045,27.858,29.0,3.9,-390.89,394.59,6505.89
PUT,SPXW  260406P06120000,SPXW 04/06/2026 6120.00 P,6120.0,2026-04-06,4.05,3.9,127,4.2,142,3.8,1,467,197,-0.042,0.0,-1.574,0.749,-0.046,27.692,29.0,4.0,-385.89,389.69,6505.89
PUT,SPXW  260406P06125000,SPXW 04/06/2026 6125.00 P,6125.0,2026-04-06,4.2,4.1,25,4.3,108,4.0,1,812,247,-0.043,0.0,-1.617,0.771,-0.047,27.587,29.0,4.15,-380.89,384.89,6505.89
PUT,SPXW  260406P06130000,SPXW 04/06/2026 6130.00 P,6130.0,2026-04-06,4.3,4.2,64,4.4,89,4.0,1,257,132,-0.045,0.0,-1.66,0.792,-0.049,27.477,29.0,4.3,-375.89,379.89,6505.89
PUT,SPXW  260406P06135000,SPXW 04/06/2026 6135.00 P,6135.0,2026-04-06,4.4,4.3,100,4.5,40,4.1,1,22,35,-0.046,0.0,-1.686,0.809,-0.05,27.296,29.0,4.4,-370.89,374.99,6505.89
PUT,SPXW  260406P06140000,SPXW 04/06/2026 6140.00 P,6140.0,2026-04-06,4.6,4.5,49,4.7,99,4.3,1,544,214,-0.048,0.0,-1.743,0.835,-0.052,27.232,29.0,4.6,-365.89,370.19,6505.89
PUT,SPXW  260406P06145000,SPXW 04/06/2026 6145.00 P,6145.0,2026-04-06,4.7,4.6,97,4.8,77,4.4,1,61,123,-0.049,0.0,-1.769,0.852,-0.054,27.041,29.0,4.7,-360.89,365.29,6505.89
PUT,SPXW  260406P06150000,SPXW 04/06/2026 6150.00 P,6150.0,2026-04-06,4.9,4.8,33,5.0,131,4.6,1,1590,1094,-0.051,0.0,-1.808,0.874,-0.055,26.904,29.0,4.85,-355.89,360.49,6505.89
PUT,SPXW  260406P06155000,SPXW 04/06/2026 6155.00 P,6155.0,2026-04-06,5.0,4.9,117,5.1,104,4.7,1,45,123,-0.052,0.0,-1.848,0.895,-0.057,26.761,29.0,5.0,-350.89,355.59,6505.89
PUT,SPXW  260406P06160000,SPXW 04/06/2026 6160.00 P,6160.0,2026-04-06,5.2,5.1,68,5.3,103,4.8,1,109,71,-0.054,0.0,-1.901,0.922,-0.059,26.663,29.0,5.2,-345.89,350.69,6505.89
PUT,SPXW  260406P06165000,SPXW 04/06/2026 6165.00 P,6165.0,2026-04-06,5.4,5.3,21,5.5,101,5.0,1,16,205,-0.056,0.001,-1.938,0.943,-0.061,26.508,29.0,5.35,-340.89,345.89,6505.89
PUT,SPXW  260406P06170000,SPXW 04/06/2026 6170.00 P,6170.0,2026-04-06,5.55,5.4,103,5.7,102,5.2,5,163,231,-0.058,0.001,-1.975,0.965,-0.063,26.347,29.0,5.5,-335.89,341.09,6505.89
PUT,SPXW  260406P06175000,SPXW 04/06/2026 6175.00 P,6175.0,2026-04-06,5.7,5.6,120,5.8,1,5.4,1,540,385,-0.06,0.001,-2.025,0.992,-0.065,26.231,29.0,5.7,-330.89,336.29,6505.89
PUT,SPXW  260406P06180000,SPXW 04/06/2026 6180.00 P,6180.0,2026-04-06,5.9,5.8,99,6.0,1,5.5,1,212,142,-0.062,0.001,-2.074,1.018,-0.067,26.111,29.0,5.9,-325.89,331.39,6505.89
PUT,SPXW  260406P06185000,SPXW 04/06/2026 6185.00 P,6185.0,2026-04-06,6.15,6.0,101,6.3,74,5.7,1,488,462,-0.064,0.001,-2.136,1.048,-0.07,26.028,29.0,6.15,-320.89,326.59,6505.89
PUT,SPXW  260406P06190000,SPXW 04/06/2026 6190.00 P,6190.0,2026-04-06,6.4,6.3,8,6.5,74,6.0,1,712,149,-0.066,0.001,-2.182,1.075,-0.072,25.89,29.0,6.35,-315.89,321.89,6505.89
PUT,SPXW  260406P06195000,SPXW 04/06/2026 6195.00 P,6195.0,2026-04-06,6.6,6.5,8,6.7,63,6.2,1,87,134,-0.068,0.001,-2.241,1.105,-0.075,25.79,29.0,6.6,-310.89,317.09,6505.89
PUT,SPXW  260406P06200000,SPXW 04/06/2026 6200.00 P,6200.0,2026-04-06,6.85,6.7,35,7.0,67,6.5,1,1506,757,-0.071,0.001,-2.286,1.131,-0.077,25.638,29.0,6.8,-305.89,312.39,6505.89
PUT,SPXW  260406P06205000,SPXW 04/06/2026 6205.00 P,6205.0,2026-04-06,7.1,7.0,7,7.2,62,6.6,1,95,191,-0.073,0.001,-2.355,1.166,-0.08,25.565,29.0,7.1,-300.89,307.49,6505.89
PUT,SPXW  260406P06210000,SPXW 04/06/2026 6210.00 P,6210.0,2026-04-06,7.35,7.2,39,7.5,62,6.6,1,308,431,-0.076,0.001,-2.41,1.196,-0.083,25.441,29.0,7.35,-295.89,302.49,6505.89
PUT,SPXW  260406P06215000,SPXW 04/06/2026 6215.00 P,6215.0,2026-04-06,7.65,7.5,34,7.8,62,7.1,2,167,534,-0.078,0.001,-2.463,1.226,-0.086,25.309,29.0,7.6,-290.89,297.99,6505.89
PUT,SPXW  260406P06220000,SPXW 04/06/2026 6220.00 P,6220.0,2026-04-06,7.95,7.8,28,8.1,62,7.3,1,223,250,-0.081,0.001,-2.527,1.259,-0.089,25.206,29.0,7.9,-285.89,293.19,6505.89
PUT,SPXW  260406P06225000,SPXW 04/06/2026 6225.00 P,6225.0,2026-04-06,8.25,8.1,30,8.4,40,7.7,1,433,391,-0.084,0.001,-2.59,1.293,-0.092,25.097,29.0,8.2,-280.89,288.59,6505.89
PUT,SPXW  260406P06230000,SPXW 04/06/2026 6230.00 P,6230.0,2026-04-06,8.55,8.4,50,8.7,35,7.98,1,108,108,-0.087,0.001,-2.651,1.326,-0.095,24.979,29.0,8.5,-275.89,283.87,6505.89
PUT,SPXW  260406P06235000,SPXW 04/06/2026 6235.00 P,6235.0,2026-04-06,8.85,8.7,53,9.0,31,8.4,4,82,190,-0.09,0.001,-2.71,1.36,-0.098,24.853,29.0,8.8,-270.89,279.29,6505.89
PUT,SPXW  260406P06240000,SPXW 04/06/2026 6240.00 P,6240.0,2026-04-06,9.2,9.1,7,9.3,23,8.41,1,254,191,-0.094,0.001,-2.79,1.4,-0.102,24.794,29.0,9.2,-265.89,274.3,6505.89
PUT,SPXW  260406P06245000,SPXW 04/06/2026 6245.00 P,6245.0,2026-04-06,9.55,9.4,49,9.7,31,9.0,1,104,112,-0.097,0.001,-2.846,1.433,-0.106,24.651,29.0,9.5,-260.89,269.89,6505.89
PUT,SPXW  260406P06250000,SPXW 04/06/2026 6250.00 P,6250.0,2026-04-06,9.95,9.8,43,10.1,34,9.4,1,840,893,-0.1,0.001,-2.922,1.472,-0.11,24.568,29.0,9.9,-255.89,265.29,6505.89
PUT,SPXW  260406P06255000,SPXW 04/06/2026 6255.00 P,6255.0,2026-04-06,10.35,10.2,47,10.5,29,9.6,1,71,119,-0.104,0.001,-2.995,1.511,-0.114,24.474,29.0,10.3,-250.89,260.49,6505.89
PUT,SPXW  260406P06260000,SPXW 04/06/2026 6260.00 P,6260.0,2026-04-06,10.75,10.6,40,10.9,28,9.6,1,174,73,-0.108,0.001,-3.066,1.55,-0.118,24.371,29.0,10.7,-245.89,255.49,6505.89
PUT,SPXW  260406P06265000,SPXW 04/06/2026 6265.00 P,6265.0,2026-04-06,11.15,11.0,43,11.3,24,10.3,1,46,66,-0.111,0.001,-3.135,1.588,-0.122,24.254,29.0,11.1,-240.89,251.19,6505.89
PUT,SPXW  260406P06270000,SPXW 04/06/2026 6270.00 P,6270.0,2026-04-06,11.6,11.5,34,11.7,17,10.9,1,221,5247,-0.115,0.001,-3.212,1.63,-0.126,24.162,29.0,11.55,-235.89,246.79,6505.89
PUT,SPXW  260406P06275000,SPXW 04/06/2026 6275.00 P,6275.0,2026-04-06,12.05,11.9,41,12.2,23,11.4,1,1174,5715,-0.119,0.001,-3.276,1.667,-0.13,24.03,29.0,11.95,-230.89,242.29,6505.89
PUT,SPXW  260406P06280000,SPXW 04/06/2026 6280.00 P,6280.0,2026-04-06,12.55,12.4,38,12.7,20,11.5,1,198,237,-0.124,0.001,-3.357,1.711,-0.135,23.947,29.0,12.45,-225.89,237.39,6505.89
PUT,SPXW  260406P06285000,SPXW 04/06/2026 6285.00 P,6285.0,2026-04-06,13.05,12.9,33,13.2,18,12.2,1,82,87,-0.128,0.001,-3.436,1.753,-0.14,23.854,29.0,12.95,-220.89,233.09,6505.89
PUT,SPXW  260406P06290000,SPXW 04/06/2026 6290.00 P,6290.0,2026-04-06,13.55,13.4,37,13.7,19,12.3,1,104,243,-0.133,0.001,-3.521,1.798,-0.145,23.781,29.0,13.5,-215.89,228.19,6505.89
PUT,SPXW  260406P06295000,SPXW 04/06/2026 6295.00 P,6295.0,2026-04-06,14.1,14.0,29,14.2,14,13.2,1,134,106,-0.138,0.001,-3.603,1.842,-0.151,23.693,29.0,14.05,-210.89,224.09,6505.89
PUT,SPXW  260406P06300000,SPXW 04/06/2026 6300.00 P,6300.0,2026-04-06,14.65,14.5,35,14.8,17,13.98,1,2017,1298,-0.143,0.001,-3.681,1.886,-0.156,23.594,29.0,14.6,-205.89,219.87,6505.89
PUT,SPXW  260406P06305000,SPXW 04/06/2026 6305.00 P,6305.0,2026-04-06,15.25,15.1,32,15.4,17,14.29,1,93,70,-0.147,0.001,-3.756,1.929,-0.161,23.483,29.0,15.15,-200.89,215.18,6505.89
PUT,SPXW  260406P06310000,SPXW 04/06/2026 6310.00 P,6310.0,2026-04-06,15.85,15.7,30,16.0,16,14.8,1,172,204,-0.153,0.001,-3.845,1.976,-0.167,23.414,29.0,15.8,-195.89,210.69,6505.89
PUT,SPXW  260406P06315000,SPXW 04/06/2026 6315.00 P,6315.0,2026-04-06,16.5,16.4,13,16.6,12,15.11,1,82,74,-0.158,0.001,-3.928,2.022,-0.173,23.329,29.0,16.436,-190.89,206.0,6505.89
PUT,SPXW  260406P06320000,SPXW 04/06/2026 6320.00 P,6320.0,2026-04-06,17.15,17.0,23,17.3,16,16.0,1,195,196,-0.164,0.001,-4.01,2.067,-0.179,23.235,29.0,17.086,-185.89,201.89,6505.89
PUT,SPXW  260406P06325000,SPXW 04/06/2026 6325.00 P,6325.0,2026-04-06,17.85,17.7,27,18.0,18,16.7,6,1187,229,-0.169,0.001,-4.089,2.113,-0.185,23.132,29.0,17.75,-180.89,197.59,6505.89
PUT,SPXW  260406P06330000,SPXW 04/06/2026 6330.00 P,6330.0,2026-04-06,18.55,18.4,27,18.7,15,18.0,1,272,208,-0.175,0.001,-4.168,2.159,-0.192,23.032,29.0,18.437,-175.89,193.89,6505.89
PUT,SPXW  260406P06335000,SPXW 04/06/2026 6335.00 P,6335.0,2026-04-06,19.25,19.1,28,19.4,13,18.0,1,54,113,-0.181,0.001,-4.246,2.204,-0.198,22.927,29.0,19.137,-170.89,188.89,6505.89
PUT,SPXW  260406P06340000,SPXW 04/06/2026 6340.00 P,6340.0,2026-04-06,20.05,19.9,25,20.2,14,19.78,10,321,253,-0.188,0.001,-4.336,2.253,-0.205,22.856,29.0,19.95,-165.89,185.67,6505.89
PUT,SPXW  260406P06345000,SPXW 04/06/2026 6345.00 P,6345.0,2026-04-06,20.85,20.7,18,21.0,14,19.5,1,156,145,-0.194,0.001,-4.417,2.3,-0.212,22.768,29.0,20.733,-160.89,180.39,6505.89
PUT,SPXW  260406P06350000,SPXW 04/06/2026 6350.00 P,6350.0,2026-04-06,21.65,21.5,27,21.8,14,21.38,10,1080,1424,-0.2,0.001,-4.497,2.346,-0.219,22.675,29.0,21.535,-155.89,177.27,6505.89
PUT,SPXW  260406P06355000,SPXW 04/06/2026 6355.00 P,6355.0,2026-04-06,22.55,22.4,11,22.7,13,22.0,1,160,109,-0.207,0.002,-4.578,2.393,-0.227,22.586,29.0,22.386,-150.89,172.89,6505.89
PUT,SPXW  260406P06360000,SPXW 04/06/2026 6360.00 P,6360.0,2026-04-06,23.4,23.2,23,23.6,13,21.9,1,209,229,-0.214,0.002,-4.668,2.441,-0.235,22.525,29.0,23.336,-145.89,167.79,6505.89
PUT,SPXW  260406P06365000,SPXW 04/06/2026 6365.00 P,6365.0,2026-04-06,24.3,24.1,25,24.5,13,22.84,3,214,137,-0.221,0.002,-4.746,2.488,-0.242,22.431,29.0,24.237,-140.89,163.73,6505.89
PUT,SPXW  260406P06370000,SPXW 04/06/2026 6370.00 P,6370.0,2026-04-06,25.25,25.1,18,25.4,12,24.69,3,484,172,-0.228,0.002,-4.81,2.532,-0.25,22.299,29.0,25.087,-135.89,160.58,6505.89
PUT,SPXW  260406P06375000,SPXW 04/06/2026 6375.00 P,6375.0,2026-04-06,26.25,26.1,11,26.4,12,24.9,1,1028,776,-0.236,0.002,-4.884,2.577,-0.258,22.2,29.0,26.038,-130.89,155.79,6505.89
PUT,SPXW  260406P06380000,SPXW 04/06/2026 6380.00 P,6380.0,2026-04-06,27.25,27.1,11,27.4,12,25.17,1,149,164,-0.244,0.002,-4.964,2.623,-0.267,22.125,29.0,27.088,-125.89,151.06,6505.89
PUT,SPXW  260406P06385000,SPXW 04/06/2026 6385.00 P,6385.0,2026-04-06,28.3,28.1,19,28.5,13,26.05,2,111,99,-0.252,0.002,-5.039,2.669,-0.276,22.037,29.0,28.139,-120.89,146.94,6505.89
PUT,SPXW  260406P06390000,SPXW 04/06/2026 6390.00 P,6390.0,2026-04-06,29.35,29.2,20,29.5,6,27.66,3,310,171,-0.26,0.002,-5.113,2.713,-0.284,21.958,29.0,29.239,-115.89,143.55,6505.89
PUT,SPXW  260406P06395000,SPXW 04/06/2026 6395.00 P,6395.0,2026-04-06,30.5,30.3,19,30.7,12,28.5,1,122,136,-0.268,0.002,-5.181,2.756,-0.293,21.861,29.0,30.34,-110.89,139.39,6505.89
PUT,SPXW  260406P06400000,SPXW 04/06/2026 6400.00 P,6400.0,2026-04-06,31.65,31.5,10,31.8,10,29.8,1,1278,790,-0.276,0.002,-5.247,2.799,-0.303,21.764,29.0,31.49,-105.89,135.69,6505.89
PUT,SPXW  260406P06405000,SPXW 04/06/2026 6405.00 P,6405.0,2026-04-06,32.8,32.6,20,33.0,10,30.96,3,64,116,-0.285,0.002,-5.313,2.841,-0.312,21.675,29.0,32.691,-100.89,131.85,6505.89
PUT,SPXW  260406P06410000,SPXW 04/06/2026 6410.00 P,6410.0,2026-04-06,34.1,33.9,12,34.3,11,31.73,1,294,189,-0.294,0.002,-5.379,2.883,-0.322,21.596,29.0,33.95,-95.89,127.62,6505.89
PUT,SPXW  260406P06415000,SPXW 04/06/2026 6415.00 P,6415.0,2026-04-06,35.3,35.1,20,35.5,7,34.31,2,142,228,-0.303,0.002,-5.437,2.922,-0.332,21.496,29.0,35.2,-90.89,125.2,6505.89
PUT,SPXW  260406P06420000,SPXW 04/06/2026 6420.00 P,6420.0,2026-04-06,36.7,36.5,9,36.9,12,35.87,1,188,301,-0.312,0.002,-5.497,2.961,-0.342,21.416,29.0,36.55,-85.89,121.76,6505.89
PUT,SPXW  260406P06425000,SPXW 04/06/2026 6425.00 P,6425.0,2026-04-06,38.0,37.8,17,38.2,8,35.8,6,570,482,-0.321,0.002,-5.55,2.999,-0.352,21.32,29.0,37.9,-80.89,116.69,6505.89
PUT,SPXW  260406P06430000,SPXW 04/06/2026 6430.00 P,6430.0,2026-04-06,39.4,39.2,15,39.6,7,37.18,3,170,753,-0.331,0.002,-5.6,3.035,-0.363,21.227,29.0,39.3,-75.89,113.07,6505.89
PUT,SPXW  260406P06435000,SPXW 04/06/2026 6435.00 P,6435.0,2026-04-06,40.9,40.7,8,41.1,10,41.9,1,70,128,-0.341,0.002,-5.642,3.069,-0.374,21.114,29.0,40.7,-70.89,112.79,6505.89
PUT,SPXW  260406P06440000,SPXW 04/06/2026 6440.00 P,6440.0,2026-04-06,42.35,42.1,15,42.6,9,41.42,1,274,218,-0.351,0.002,-5.685,3.102,-0.385,21.023,29.0,42.196,-65.89,107.31,6505.89
PUT,SPXW  260406P06445000,SPXW 04/06/2026 6445.00 P,6445.0,2026-04-06,43.9,43.7,9,44.1,8,41.5,1,70,134,-0.361,0.002,-5.721,3.133,-0.396,20.917,29.0,43.697,-60.89,102.39,6505.89
PUT,SPXW  260406P06450000,SPXW 04/06/2026 6450.00 P,6450.0,2026-04-06,45.5,45.3,7,45.7,7,42.5,1,844,1103,-0.371,0.002,-5.758,3.163,-0.407,20.828,29.0,45.298,-55.89,98.39,6505.89
PUT,SPXW  260406P06455000,SPXW 04/06/2026 6455.00 P,6455.0,2026-04-06,47.1,46.9,8,47.3,7,46.11,1,207,51,-0.382,0.002,-5.787,3.191,-0.419,20.729,29.0,46.899,-50.89,97.0,6505.89
PUT,SPXW  260406P06460000,SPXW 04/06/2026 6460.00 P,6460.0,2026-04-06,48.8,48.6,7,49.0,8,47.57,1,460,91,-0.392,0.002,-5.818,3.216,-0.43,20.653,29.0,48.626,-45.89,93.46,6505.89
PUT,SPXW  260406P06465000,SPXW 04/06/2026 6465.00 P,6465.0,2026-04-06,50.5,50.3,8,50.7,7,46.5,1,222,57,-0.403,0.002,-5.841,3.24,-0.442,20.562,29.0,50.373,-40.89,87.39,6505.89
PUT,SPXW  260406P06470000,SPXW 04/06/2026 6470.00 P,6470.0,2026-04-06,52.3,52.1,8,52.5,6,52.0,1,126,94,-0.414,0.002,-5.86,3.261,-0.455,20.472,29.0,52.173,-35.89,87.89,6505.89
PUT,SPXW  260406P06475000,SPXW 04/06/2026 6475.00 P,6475.0,2026-04-06,54.1,53.9,6,54.3,6,53.02,1,207,198,-0.425,0.002,-5.871,3.28,-0.467,20.368,29.0,54.0,-30.89,83.91,6505.89
PUT,SPXW  260406P06480000,SPXW 04/06/2026 6480.00 P,6480.0,2026-04-06,56.0,55.8,6,56.2,6,53.85,1,104,119,-0.437,0.002,-5.868,3.297,-0.479,20.238,29.0,55.8,-25.89,79.74,6505.89
PUT,SPXW  260406P06485000,SPXW 04/06/2026 6485.00 P,6485.0,2026-04-06,57.9,57.7,7,58.1,6,56.6,1,74,57,-0.448,0.002,-5.866,3.311,-0.492,20.128,29.0,57.7,-20.89,77.49,6505.89
PUT,SPXW  260406P06490000,SPXW 04/06/2026 6490.00 P,6490.0,2026-04-06,59.9,59.7,6,60.1,6,57.66,1,241,159,-0.46,0.002,-5.863,3.322,-0.505,20.031,29.0,59.7,-15.89,73.55,6505.89
PUT,SPXW  260406P06495000,SPXW 04/06/2026 6495.00 P,6495.0,2026-04-06,61.95,61.8,6,62.1,6,66.3,1,76,106,-0.472,0.002,-5.847,3.33,-0.518,19.913,29.0,61.674,-10.89,77.19,6505.89
PUT,SPXW  260406P06500000,SPXW 04/06/2026 6500.00 P,6500.0,2026-04-06,64.0,63.8,6,64.2,6,60.35,2,1244,1512,-0.483,0.002,-5.831,3.336,-0.531,19.811,29.0,63.774,-5.89,66.24,6505.89
PUT,SPXW  260406P06505000,SPXW 04/06/2026 6505.00 P,6505.0,2026-04-06,66.2,66.0,6,66.4,7,64.8,1,167,68,-0.496,0.002,-5.817,3.338,-0.545,19.727,29.0,66.01,-0.89,65.69,6505.89
PUT,SPXW  260406P06510000,SPXW 04/06/2026 6510.00 P,6510.0,2026-04-06,68.4,68.2,6,68.6,7,64.3,1,136,53,-0.507,0.002,-6.103,3.338,-0.558,20.719,29.0,71.86,4.11,60.19,6505.89
PUT,SPXW  260406P06515000,SPXW 04/06/2026 6515.00 P,6515.0,2026-04-06,70.65,70.5,6,70.8,3,68.2,2,98,76,-0.518,0.002,-6.064,3.335,-0.571,20.595,29.0,74.061,9.11,59.09,6505.89
PUT,SPXW  260406P06520000,SPXW 04/06/2026 6520.00 P,6520.0,2026-04-06,72.95,72.8,6,73.1,3,70.87,1,183,154,-0.53,0.002,-6.024,3.329,-0.583,20.478,29.0,76.338,14.11,56.76,6505.89
PUT,SPXW  260406P06525000,SPXW 04/06/2026 6525.00 P,6525.0,2026-04-06,75.3,75.1,6,75.5,6,74.02,1,262,48,-0.542,0.002,-5.981,3.32,-0.597,20.378,29.0,78.738,19.11,54.91,6505.89
PUT,SPXW  260406P06530000,SPXW 04/06/2026 6530.00 P,6530.0,2026-04-06,77.75,77.6,6,77.9,3,76.48,1,135,84,-0.554,0.002,-5.927,3.308,-0.61,20.26,29.0,81.138,24.11,52.37,6505.89
PUT,SPXW  260406P06535000,SPXW 04/06/2026 6535.00 P,6535.0,2026-04-06,80.35,80.1,5,80.6,4,87.5,1,65,3,-0.566,0.002,-5.871,3.293,-0.623,20.154,29.0,83.638,29.11,58.39,6505.89
PUT,SPXW  260406P06540000,SPXW 04/06/2026 6540.00 P,6540.0,2026-04-06,82.85,82.6,5,83.1,2,85.21,6,157,65,-0.578,0.002,-5.812,3.275,-0.637,20.063,29.0,86.262,34.11,51.1,6505.89
PUT,SPXW  260406P06545000,SPXW 04/06/2026 6545.00 P,6545.0,2026-04-06,85.45,85.2,5,85.7,2,97.4,4,77,30,-0.59,0.002,-5.742,3.253,-0.65,19.948,29.0,88.859,39.11,58.29,6505.89
PUT,SPXW  260406P06550000,SPXW 04/06/2026 6550.00 P,6550.0,2026-04-06,88.15,87.9,5,88.4,7,90.2,1,796,116,-0.602,0.002,-5.673,3.229,-0.663,19.851,29.0,91.587,44.11,46.09,6505.89
PUT,SPXW  260406P06555000,SPXW 04/06/2026 6555.00 P,6555.0,2026-04-06,90.85,90.6,5,91.1,3,94.9,3,84,19,-0.614,0.002,-5.59,3.201,-0.677,19.73,29.0,94.286,49.11,45.79,6505.89
PUT,SPXW  260406P06560000,SPXW 04/06/2026 6560.00 P,6560.0,2026-04-06,93.65,93.4,5,93.9,3,97.75,1,118,43,-0.626,0.002,-5.5,3.169,-0.691,19.604,29.0,97.035,54.11,43.64,6505.89
PUT,SPXW  260406P06565000,SPXW 04/06/2026 6565.00 P,6565.0,2026-04-06,97.45,96.3,4,98.6,2,92.6,1,193,6,-0.639,0.002,-5.412,3.135,-0.704,19.5,29.0,99.884,59.11,33.49,6505.89
PUT,SPXW  260406P06570000,SPXW 04/06/2026 6570.00 P,6570.0,2026-04-06,99.4,99.2,4,99.6,3,97.2,4,56,22,-0.651,0.002,-5.31,3.097,-0.718,19.365,29.0,102.738,64.11,33.09,6505.89
PUT,SPXW  260406P06575000,SPXW 04/06/2026 6575.00 P,6575.0,2026-04-06,102.5,102.2,3,102.8,5,115.5,2,256,20,-0.663,0.002,-5.205,3.055,-0.732,19.241,29.0,105.688,69.11,46.39,6505.89
PUT,SPXW  260406P06580000,SPXW 04/06/2026 6580.00 P,6580.0,2026-04-06,107.3,105.2,3,109.4,1,166.14,1,174,9,-0.675,0.002,-5.104,3.011,-0.745,19.145,29.0,108.788,74.11,92.03,6505.89
PUT,SPXW  260406P06585000,SPXW 04/06/2026 6585.00 P,6585.0,2026-04-06,110.45,108.3,2,112.6,1,163.61,2,54,2,-0.687,0.002,-4.992,2.963,-0.759,19.028,29.0,111.888,79.11,84.5,6505.89
PUT,SPXW  260406P06590000,SPXW 04/06/2026 6590.00 P,6590.0,2026-04-06,113.45,111.5,2,115.4,6,109.26,1,307,4,-0.699,0.002,-4.879,2.912,-0.772,18.928,29.0,115.138,84.11,25.15,6505.89
PUT,SPXW  260406P06595000,SPXW 04/06/2026 6595.00 P,6595.0,2026-04-06,114.0,107.7,1,120.3,1,164.25,1,138,5,-0.711,0.002,-4.76,2.858,-0.786,18.816,29.0,118.379,89.11,75.14,6505.89
PUT,SPXW  260406P06600000,SPXW 04/06/2026 6600.00 P,6600.0,2026-04-06,118.0,117.3,6,118.7,8,113.0,1,1186,91,-0.723,0.002,-4.628,2.801,-0.799,18.677,29.0,121.579,94.11,18.89,6505.89
PUT,SPXW  260406P06605000,SPXW 04/06/2026 6605.00 P,6605.0,2026-04-06,120.5,114.3,1,126.7,3,144.39,1,76,2,-0.735,0.002,-4.498,2.74,-0.812,18.556,29.0,124.928,99.11,45.28,6505.89
PUT,SPXW  260406P06610000,SPXW 04/06/2026 6610.00 P,6610.0,2026-04-06,124.75,124.0,1,125.5,3,131.55,1,105,53,-0.746,0.002,-4.376,2.678,-0.825,18.471,29.0,128.477,104.11,27.44,6505.89
PUT,SPXW  260406P06615000,SPXW 04/06/2026 6615.00 P,6615.0,2026-04-06,127.4,121.2,1,133.6,3,175.79,6,73,6,-0.758,0.002,-4.236,2.612,-0.838,18.339,29.0,131.927,109.11,66.68,6505.89
PUT,SPXW  260406P06620000,SPXW 04/06/2026 6620.00 P,6620.0,2026-04-06,130.85,124.7,1,137.0,1,127.29,1,139,15,-0.77,0.002,-4.097,2.543,-0.851,18.22,29.0,135.476,114.11,13.18,6505.89
PUT,SPXW  260406P06625000,SPXW 04/06/2026 6625.00 P,6625.0,2026-04-06,134.7,128.7,1,140.7,3,210.7,1,173,12,-0.781,0.002,-3.954,2.472,-0.864,18.096,29.0,139.076,119.11,91.59,6505.89
PUT,SPXW  260406P06630000,SPXW 04/06/2026 6630.00 P,6630.0,2026-04-06,138.15,132.0,1,144.3,3,141.86,1,112,2,-0.792,0.002,-3.814,2.399,-0.876,17.983,29.0,142.725,124.11,17.75,6505.89
PUT,SPXW  260406P06635000,SPXW 04/06/2026 6635.00 P,6635.0,2026-04-06,143.0,139.0,3,147.0,6,295.62,1,189,0,-0.802,0.002,-3.672,2.324,-0.888,17.869,29.0,146.473,129.11,166.51,6505.89
PUT,SPXW  260406P06640000,SPXW 04/06/2026 6640.00 P,6640.0,2026-04-06,145.45,139.1,1,151.8,3,153.2,1,134,43,-0.813,0.002,-3.527,2.247,-0.9,17.752,29.0,150.277,134.11,19.09,6505.89
PUT,SPXW  260406P06645000,SPXW 04/06/2026 6645.00 P,6645.0,2026-04-06,149.3,142.9,1,155.7,3,217.16,1,29,10,-0.823,0.002,-3.379,2.168,-0.912,17.629,29.0,154.127,139.11,78.05,6505.89
PUT,SPXW  260406P06650000,SPXW 04/06/2026 6650.00 P,6650.0,2026-04-06,154.6,150.6,3,158.6,5,157.36,1,290,59,-0.833,0.002,-3.247,2.092,-0.923,17.553,29.0,158.177,144.11,13.25,6505.89
PUT,SPXW  260406P06655000,SPXW 04/06/2026 6655.00 P,6655.0,2026-04-06,158.55,154.5,4,162.6,5,195.14,1,211,4,-0.843,0.002,-3.096,2.009,-0.935,17.422,29.0,162.127,149.11,46.03,6505.89
PUT,SPXW  260406P06660000,SPXW 04/06/2026 6660.00 P,6660.0,2026-04-06,162.65,158.6,3,166.7,6,176.54,2,260,3,-0.853,0.002,-2.954,1.927,-0.946,17.313,29.0,166.177,154.11,22.43,6505.89
PUT,SPXW  260406P06665000,SPXW 04/06/2026 6665.00 P,6665.0,2026-04-06,165.7,159.8,1,171.6,3,274.72,2,37,0,-0.862,0.002,-2.813,1.845,-0.956,17.202,29.0,170.287,159.11,115.61,6505.89
PUT,SPXW  260406P06670000,SPXW 04/06/2026 6670.00 P,6670.0,2026-04-06,169.75,163.8,1,175.7,3,185.94,41,184,43,-0.871,0.001,-2.662,1.759,-0.967,17.056,29.0,174.337,164.11,21.83,6505.89
PUT,SPXW  260406P06675000,SPXW 04/06/2026 6675.00 P,6675.0,2026-04-06,174.05,168.2,1,179.9,3,259.48,1,107,1,-0.88,0.001,-2.519,1.674,-0.977,16.938,29.0,178.527,169.11,90.37,6505.89
PUT,SPXW  260406P06680000,SPXW 04/06/2026 6680.00 P,6680.0,2026-04-06,178.0,171.9,1,184.1,3,234.09,1,81,1,-0.888,0.001,-2.393,1.596,-0.986,16.853,29.0,182.837,174.11,59.98,6505.89
PUT,SPXW  260406P06685000,SPXW 04/06/2026 6685.00 P,6685.0,2026-04-06,182.45,176.5,1,188.4,3,243.68,2,29,9,-0.896,0.001,-2.258,1.512,-0.996,16.738,29.0,187.137,179.11,64.57,6505.89
PUT,SPXW  260406P06690000,SPXW 04/06/2026 6690.00 P,6690.0,2026-04-06,186.6,180.8,1,192.4,1,218.11,1,155,1,-0.903,0.001,-2.138,1.435,-1.004,16.659,29.0,191.537,184.11,34.0,6505.89
PUT,SPXW  260406P06695000,SPXW 04/06/2026 6695.00 P,6695.0,2026-04-06,190.85,184.6,3,197.1,3,327.17,1,28,0,-0.91,0.001,-2.011,1.355,-1.013,16.55,29.0,195.937,189.11,138.06,6505.89
PUT,SPXW  260406P06700000,SPXW 04/06/2026 6700.00 P,6700.0,2026-04-06,196.85,192.8,3,200.9,1,200.03,1,475,18,-0.917,0.001,-1.89,1.276,-1.021,16.447,29.0,200.387,194.11,5.92,6505.89
PUT,SPXW  260406P06705000,SPXW 04/06/2026 6705.00 P,6705.0,2026-04-06,200.4,194.8,1,206.0,3,241.88,2,21,3,-0.924,0.001,-1.762,1.194,-1.029,16.31,29.0,204.837,199.11,42.77,6505.89
PUT,SPXW  260406P06710000,SPXW 04/06/2026 6710.00 P,6710.0,2026-04-06,204.55,198.6,1,210.5,3,296.95,1,140,2,-0.93,0.001,-1.667,1.127,-1.036,16.271,29.0,209.487,204.11,92.84,6505.89
PUT,SPXW  260406P06715000,SPXW 04/06/2026 6715.00 P,6715.0,2026-04-06,209.0,203.2,1,214.8,2,290.84,6,7,0,-0.936,0.001,-1.554,1.051,-1.043,16.154,29.0,214.037,209.11,81.73,6505.89
PUT,SPXW  260406P06720000,SPXW 04/06/2026 6720.00 P,6720.0,2026-04-06,214.9,207.9,1,221.9,1,284.91,1,128,1,-0.941,0.001,-1.463,0.987,-1.049,16.101,29.0,218.687,214.11,70.8,6505.89
PUT,SPXW  260406P06725000,SPXW 04/06/2026 6725.00 P,6725.0,2026-04-06,219.7,215.5,4,223.9,6,252.47,10,673,10,-0.946,0.001,-1.361,0.916,-1.056,15.992,29.0,223.312,219.11,33.36,6505.89
PUT,SPXW  260406P06730000,SPXW 04/06/2026 6730.00 P,6730.0,2026-04-06,222.2,213.1,1,231.3,3,227.43,2,67,4,-0.95,0.001,-1.276,0.855,-1.061,15.929,29.0,227.962,224.11,3.32,6505.89
PUT,SPXW  260406P06735000,SPXW 04/06/2026 6735.00 P,6735.0,2026-04-06,227.2,218.5,1,235.9,1,290.2,1,65,1,-0.955,0.001,-1.189,0.791,-1.067,15.839,29.0,232.662,229.11,61.09,6505.89
PUT,SPXW  260406P06740000,SPXW 04/06/2026 6740.00 P,6740.0,2026-04-06,232.2,223.8,1,240.6,2,375.94,1,37,0,-0.959,0.001,-1.113,0.735,-1.072,15.78,29.0,237.412,234.11,141.83,6505.89
PUT,SPXW  260406P06745000,SPXW 04/06/2026 6745.00 P,6745.0,2026-04-06,237.75,228.6,1,246.9,1,321.13,3,20,0,-0.962,0.001,-1.051,0.687,-1.076,15.763,29.0,242.212,239.11,82.02,6505.89
PUT,SPXW  260406P06750000,SPXW 04/06/2026 6750.00 P,6750.0,2026-04-06,243.55,239.4,4,247.7,6,243.41,2,795,106,-0.965,0.001,-0.986,0.638,-1.081,15.721,29.0,247.012,244.11,-0.7,6505.89
PUT,SPXW  260406P06755000,SPXW 04/06/2026 6755.00 P,6755.0,2026-04-06,246.65,237.6,1,255.7,1,291.62,1,7,1,-0.969,0.001,-0.92,0.587,-1.085,15.65,29.0,251.812,249.11,42.51,6505.89
PUT,SPXW  260406P06760000,SPXW 04/06/2026 6760.00 P,6760.0,2026-04-06,251.1,242.5,1,259.7,1,398.16,1,23,0,-0.972,0.0,-0.859,0.54,-1.089,15.593,29.0,256.686,254.11,144.05,6505.89
PUT,SPXW  260406P06765000,SPXW 04/06/2026 6765.00 P,6765.0,2026-04-06,256.9,247.7,1,266.1,1,356.57,3,5,0,-0.974,0.0,-0.806,0.498,-1.093,15.551,29.0,261.536,259.11,97.46,6505.89
PUT,SPXW  260406P06770000,SPXW 04/06/2026 6770.00 P,6770.0,2026-04-06,260.7,252.2,1,269.2,3,417.41,1,46,0,-0.976,0.0,-0.761,0.461,-1.096,15.533,29.0,266.411,264.11,153.3,6505.89
PUT,SPXW  260406P06775000,SPXW 04/06/2026 6775.00 P,6775.0,2026-04-06,265.15,256.1,1,274.2,3,301.22,10,57,11,-0.978,0.0,-0.723,0.429,-1.099,15.547,29.0,271.311,269.11,32.11,6505.89
PUT,SPXW  260406P06780000,SPXW 04/06/2026 6780.00 P,6780.0,2026-04-06,270.9,262.0,1,279.8,1,415.1,1,50,0,-0.981,0.0,-0.675,0.391,-1.102,15.475,29.0,276.136,274.11,140.99,6505.89
PUT,SPXW  260406P06790000,SPXW 04/06/2026 6790.00 P,6790.0,2026-04-06,280.2,271.7,1,288.7,1,391.9,3,111,0,-0.984,0.0,-0.616,0.339,-1.107,15.525,29.0,285.986,284.11,107.79,6505.89
PUT,SPXW  260406P06800000,SPXW 04/06/2026 6800.00 P,6800.0,2026-04-06,290.4,282.2,1,298.6,2,286.41,1,170,2,-0.986,0.0,-0.553,0.286,-1.111,15.494,29.0,295.837,294.11,-7.7,6505.89
PUT,SPXW  260406P06810000,SPXW 04/06/2026 6810.00 P,6810.0,2026-04-06,300.05,291.5,1,308.6,2,425.62,1,57,0,-0.989,0.0,-0.51,0.247,-1.115,15.554,29.0,305.736,304.11,121.51,6505.89
PUT,SPXW  260406P06820000,SPXW 04/06/2026 6820.00 P,6820.0,2026-04-06,309.95,301.4,1,318.5,2,388.21,1,39,0,-0.99,0.0,-0.488,0.225,-1.118,15.773,29.0,315.736,314.11,74.1,6505.89
PUT,SPXW  260406P06825000,SPXW 04/06/2026 6825.00 P,6825.0,2026-04-06,314.85,306.3,1,323.4,2,459.74,1,94,0,-0.991,0.0,-0.465,0.205,-1.12,15.752,29.0,320.686,319.11,140.63,6505.89
PUT,SPXW  260406P06830000,SPXW 04/06/2026 6830.00 P,6830.0,2026-04-06,319.85,311.3,1,328.4,2,337.76,40,116,0,-0.991,0.0,-0.465,0.203,-1.121,15.962,29.0,325.686,324.11,13.65,6505.89
PUT,SPXW  260406P06840000,SPXW 04/06/2026 6840.00 P,6840.0,2026-04-06,329.75,321.2,1,338.3,2,417.93,1,58,0,-0.992,0.0,-0.442,0.181,-1.124,16.114,29.0,335.586,334.11,83.82,6505.89
PUT,SPXW  260406P06850000,SPXW 04/06/2026 6850.00 P,6850.0,2026-04-06,339.65,331.2,1,348.1,2,335.5,1,145,6,-0.993,0.0,-0.406,0.15,-1.127,16.066,29.0,345.511,344.11,-8.61,6505.89
PUT,SPXW  260406P06860000,SPXW 04/06/2026 6860.00 P,6860.0,2026-04-06,349.95,341.7,1,358.2,2,213.2,1,7,0,-0.994,0.0,-0.38,0.127,-1.13,16.101,29.0,355.461,354.11,-140.91,6505.89
PUT,SPXW  260406P06870000,SPXW 04/06/2026 6870.00 P,6870.0,2026-04-06,359.6,351.1,1,368.1,1,275.0,5,19,0,-0.994,0.0,-0.394,0.135,-1.131,16.686,29.0,365.536,364.11,-89.11,6505.89
PUT,SPXW  260406P06875000,SPXW 04/06/2026 6875.00 P,6875.0,2026-04-06,364.6,356.1,1,373.1,1,374.78,2,33,0,-0.995,0.0,-0.381,0.124,-1.133,16.688,29.0,370.511,369.11,5.67,6505.89
PUT,SPXW  260406P06880000,SPXW 04/06/2026 6880.00 P,6880.0,2026-04-06,369.5,361.1,1,377.9,1,526.54,1,6,0,-0.995,0.0,-0.368,0.112,-1.134,16.67,29.0,375.486,374.11,152.43,6505.89
PUT,SPXW  260406P06890000,SPXW 04/06/2026 6890.00 P,6890.0,2026-04-06,379.75,371.5,1,388.0,1,473.4,3,45,0,-0.996,0.0,-0.355,0.1,-1.136,16.815,29.0,385.411,384.11,89.29,6505.89
PUT,SPXW  260406P06900000,SPXW 04/06/2026 6900.00 P,6900.0,2026-04-06,390.6,381.1,1,400.1,2,383.92,1,55,1,-0.995,0.0,-0.369,0.108,-1.137,17.436,29.0,395.486,394.11,-10.19,6505.89
PUT,SPXW  260406P06910000,SPXW 04/06/2026 6910.00 P,6910.0,2026-04-06,399.55,391.1,1,408.0,1,520.41,1,6,0,-0.996,0.0,-0.355,0.096,-1.14,17.569,29.0,405.411,404.11,116.3,6505.89
PUT,SPXW  260406P06920000,SPXW 04/06/2026 6920.00 P,6920.0,2026-04-06,409.5,401.0,1,418.0,1,565.48,1,11,0,-0.996,0.0,-0.342,0.085,-1.142,17.668,29.0,415.386,414.11,151.37,6505.89
PUT,SPXW  260406P06925000,SPXW 04/06/2026 6925.00 P,6925.0,2026-04-06,414.5,406.0,1,423.0,1,421.45,2,30,0,-0.996,0.0,-0.342,0.084,-1.143,17.853,29.0,420.386,419.11,2.34,6505.89
PUT,SPXW  260406P06930000,SPXW 04/06/2026 6930.00 P,6930.0,2026-04-06,419.5,411.0,1,428.0,1,0.0,0,0,0,-0.996,0.0,-0.342,0.083,-1.144,18.039,29.0,425.436,424.11,-424.11,6505.89
PUT,SPXW  260406P06940000,SPXW 04/06/2026 6940.00 P,6940.0,2026-04-06,429.5,421.0,1,438.0,1,0.0,0,0,0,-0.997,0.0,-0.328,0.071,-1.146,18.076,29.0,435.41,434.11,-434.11,6505.89
PUT,SPXW  260406P06950000,SPXW 04/06/2026 6950.00 P,6950.0,2026-04-06,441.7,437.3,3,446.1,4,434.33,1,320,4,-0.997,0.0,-0.342,0.081,-1.147,18.77,29.0,445.386,444.11,-9.78,6505.89
PUT,SPXW  260406P06975000,SPXW 04/06/2026 6975.00 P,6975.0,2026-04-06,464.35,456.0,1,472.7,1,525.67,1,40,1,-0.997,0.0,-0.343,0.077,-1.151,19.683,29.0,470.435,469.11,56.56,6505.89
PUT,SPXW  260406P07000000,SPXW 04/06/2026 7000.00 P,7000.0,2026-04-06,489.4,481.0,1,497.8,1,596.07,1,7,0,-0.997,0.0,-0.343,0.075,-1.156,20.584,29.0,495.385,494.11,101.96,6505.89
PUT,SPXW  260406P07025000,SPXW 04/06/2026 7025.00 P,7025.0,2026-04-06,514.25,506.0,1,522.5,1,635.59,1,1,0,-0.997,0.0,-0.344,0.072,-1.16,21.483,29.0,520.435,519.11,116.48,6505.89
PUT,SPXW  260406P07050000,SPXW 04/06/2026 7050.00 P,7050.0,2026-04-06,539.3,531.0,1,547.6,1,233.0,1,1,0,-0.998,0.0,-0.315,0.051,-1.165,21.546,29.0,545.335,544.11,-311.11,6505.89
PUT,SPXW  260406P07075000,SPXW 04/06/2026 7075.00 P,7075.0,2026-04-06,564.35,555.9,1,572.8,1,625.65,1,1,1,-0.998,0.0,-0.315,0.05,-1.169,22.401,29.0,570.385,569.11,56.54,6505.89
PUT,SPXW  260406P07100000,SPXW 04/06/2026 7100.00 P,7100.0,2026-04-06,589.3,580.9,1,597.7,1,726.83,2,9,0,-0.998,0.0,-0.315,0.048,-1.173,23.249,29.0,595.385,594.11,132.72,6505.89
PUT,SPXW  260406P07125000,SPXW 04/06/2026 7125.00 P,7125.0,2026-04-06,614.3,605.9,1,622.7,1,0.0,0,0,0,-0.998,0.0,-0.315,0.047,-1.178,24.091,29.0,620.334,619.11,-619.11,6505.89
PUT,SPXW  260406P07150000,SPXW 04/06/2026 7150.00 P,7150.0,2026-04-06,639.2,630.9,1,647.5,1,820.62,6,6,0,-0.998,0.0,-0.315,0.045,-1.182,24.929,29.0,645.334,644.11,176.51,6505.89
PUT,SPXW  260406P07175000,SPXW 04/06/2026 7175.00 P,7175.0,2026-04-06,664.4,655.9,1,672.9,1,0.0,0,0,0,-0.998,0.0,-0.316,0.044,-1.186,25.764,29.0,670.384,669.11,-669.11,6505.89
PUT,SPXW  260406P07200000,SPXW 04/06/2026 7200.00 P,7200.0,2026-04-06,688.85,680.8,1,696.9,1,870.95,6,9,0,-0.998,0.0,-0.316,0.043,-1.19,26.592,29.0,695.384,694.11,176.84,6505.89
PUT,SPXW  260406P07225000,SPXW 04/06/2026 7225.00 P,7225.0,2026-04-06,714.2,705.8,1,722.6,1,408.24,1,0,0,-0.999,0.0,-0.3,0.033,-1.195,26.748,29.0,720.309,719.11,-310.87,6505.89
PUT,SPXW  260406P07250000,SPXW 04/06/2026 7250.00 P,7250.0,2026-04-06,739.1,730.8,1,747.4,1,431.92,1,0,0,-0.999,0.0,-0.284,0.024,-1.199,26.664,29.0,745.334,744.11,-312.19,6505.89
PUT,SPXW  260406P07275000,SPXW 04/06/2026 7275.00 P,7275.0,2026-04-06,764.2,755.8,1,772.6,1,0.0,0,0,0,-0.999,0.0,-0.284,0.023,-1.203,27.434,29.0,770.283,769.11,-769.11,6505.89
PUT,SPXW  260406P07300000,SPXW 04/06/2026 7300.00 P,7300.0,2026-04-06,790.25,780.8,1,799.7,2,0.0,0,0,0,-0.999,0.0,-0.284,0.023,-1.208,28.205,29.0,795.333,794.11,-794.11,6505.89
PUT,SPXW  260406P07325000,SPXW 04/06/2026 7325.00 P,7325.0,2026-04-06,814.35,806.2,1,822.5,1,0.0,0,0,0,-0.999,0.0,-0.284,0.022,-1.212,28.968,29.0,820.283,819.11,-819.11,6505.89
PUT,SPXW  260406P07350000,SPXW 04/06/2026 7350.00 P,7350.0,2026-04-06,839.35,830.7,1,848.0,1,0.0,0,0,0,-0.999,0.0,-0.285,0.022,-1.216,29.747,29.0,845.333,844.11,-844.11,6505.89
PUT,SPXW  260406P07400000,SPXW 04/06/2026 7400.00 P,7400.0,2026-04-06,889.1,880.7,1,897.5,1,0.0,0,0,0,-0.999,0.0,-0.284,0.021,-1.224,31.241,29.0,895.283,894.11,-894.11,6505.89
PUT,SPXW  260406P07500000,SPXW 04/06/2026 7500.00 P,7500.0,2026-04-06,988.85,980.6,1,997.1,1,0.0,0,0,0,-0.999,0.0,-0.285,0.019,-1.241,34.216,29.0,995.282,994.11,-994.11,6505.89
PUT,SPXW  260406P07600000,SPXW 04/06/2026 7600.00 P,7600.0,2026-04-06,1088.8,1080.5,1,1097.1,1,0.0,0,0,0,-0.999,0.0,-0.285,0.018,-1.257,37.128,29.0,1095.281,1094.11,-1094.11,6505.89
PUT,SPXW  260406P07800000,SPXW 04/06/2026 7800.00 P,7800.0,2026-04-06,1289.85,1280.4,1,1299.3,2,0.0,0,0,0,-0.999,0.0,-0.267,0.009,-1.291,40.779,29.0,1295.306,1294.11,-1294.11,6505.89
PUT,SPXW  260406P08000000,SPXW 04/06/2026 8000.00 P,8000.0,2026-04-06,1488.55,1480.2,1,1496.9,1,1374.52,1,1,0,-0.999,0.0,-0.267,0.008,-1.324,45.998,29.0,1495.304,1494.11,-119.59,6505.89
PUT,SPXW  260406P08200000,SPXW 04/06/2026 8200.00 P,8200.0,2026-04-06,1688.25,1680.1,1,1696.4,1,0.0,0,0,0,-1.0,0.0,-0.267,0.008,-1.357,51.065,29.0,1695.253,1694.11,-1694.11,6505.89
PUT,SPXW  260406P08400000,SPXW 04/06/2026 8400.00 P,8400.0,2026-04-06,1888.35,1880.0,1,1896.7,1,0.0,0,0,0,-1.0,0.0,-0.267,0.007,-1.39,55.98,29.0,1895.252,1894.11,-1894.11,6505.89
PUT,SPXW  260406P08600000,SPXW 04/06/2026 8600.00 P,8600.0,2026-04-06,2088.0,2079.6,1,2096.4,1,0.0,0,0,0,-1.0,0.0,-0.267,0.007,-1.423,60.791,29.0,2095.301,2094.11,-2094.11,6505.89
PUT,SPXW  260406P08800000,SPXW 04/06/2026 8800.00 P,8800.0,2026-04-06,2288.1,2279.7,1,2296.5,1,0.0,0,0,0,-1.0,0.0,-0.267,0.006,-1.456,65.381,29.0,2295.25,2294.11,-2294.11,6505.89
PUT,SPXW  260406P09000000,SPXW 04/06/2026 9000.00 P,9000.0,2026-04-06,2487.9,2479.5,1,2496.3,1,0.0,0,2,0,-1.0,0.0,-0.267,0.006,-1.49,69.863,29.0,2495.248,2494.11,-2494.11,6505.89
